company_name,business_type,address,city,phone,email,website,gmb_url,rating,review_count,years_in_business,employee_count,categories,facebook,instagram,linkedin,recent_reviews,growth_signals,tech_stack,place_id
"CertaPro Painters of Minnetonka, MN",Painter,,Plymouth,,,,"https://www.google.com/maps/search/?api=1&query=CertaPro+Painters+of+Minnetonka,+MN+Plymouth+MN",4.9,156,,,,,,,156 reviews,,,"CertaPro Painters of Minnetonka, MN"
Decorator's Service Co,Painter,"14140 23rd Ave N, Plymouth, MN 55447",Plymouth,+1763-383-2955,,http://www.decoratorsserviceco.com/,https://www.google.com/maps/search/?api=1&query=Decorator's+Service+Co+Plymouth+MN,5,4,,,Painter,,,,4 reviews,,,ChIJqSlmJjZKs1IRhzkSSnAJvGg
Prime Painting Concepts,Painter,"14615 7th Ave N, Plymouth, MN 55447",Plymouth,+1612-702-4257,,http://primepaintingconcepts.com/,https://www.google.com/maps/search/?api=1&query=Prime+Painting+Concepts+Plymouth+MN,5,28,,,Painter,,,,28 reviews,,,ChIJG9WG7KpLs1IRf2OkcuOxLbQ
"CertaPro Painters of Minnetonka, MN",Painter,"700 Twelve Oaks Center Dr #162, Wayzata, MN 55391",Plymouth,+1952-994-4443,,https://certapro.com/minnetonka/?utm_source=google&utm_medium=organic&utm_campaign=gbp,"https://www.google.com/maps/search/?api=1&query=CertaPro+Painters+of+Minnetonka,+MN+Plymouth+MN",4.9,156,,,Painter,https://www.facebook.com/CertaPro-Painters-of-Minnetonka-149461462555600/,,,156 reviews,hiring,,ChIJBxkmftcd9ocRf2SAnChVC2I
Cesar's Painting,Painter,,Plymouth,+1651-650-4747,ClosedEmailinfo@cesarspaintingllc.com,https://www.cesarspaintingllc.com/,https://www.google.com/maps/search/?api=1&query=Cesar's+Painting+Plymouth+MN,4.9,82,15,,Painter,https://www.facebook.com/p/Cesars-Painting-LLC-100069190818120/,,,82 reviews,,,ChIJAQC0HDUys1IRxpv6UN_nx0I
Admire The Hue Painting,Painter,"4124 Quebec Ave N #109, New Hope, MN 55427",Plymouth,+1763-342-9290,,https://www.admirethehue.com/,https://www.google.com/maps/search/?api=1&query=Admire+The+Hue+Painting+Plymouth+MN,4.8,57,,,Painter,https://www.facebook.com/admirethehuepainting/,https://www.instagram.com/admirethehuepainting/,,57 reviews,hiring,,ChIJhQy5tngjs1IRI5Lq8tNmg4U
That 1 Painter Twin Cities,Painter,"1405 Lilac Dr N #160A, Golden Valley, MN 55422",Plymouth,+1763-280-3736,,https://that1painter.com/twin-cities/,https://www.google.com/maps/search/?api=1&query=That+1+Painter+Twin+Cities+Plymouth+MN,4.8,111,,,Painter,https://www.facebook.com/That1PainterTwinCities/,https://www.instagram.com/that1painter/,https://www.linkedin.com/company/that-1-painter/,111 reviews,hiring,,ChIJ-7zXlTSsGkwRn60aFc5cQxg
Painting & Epoxy Express,Painter,"3140 Harbor Ln N, Plymouth, MN 55447",Plymouth,+1888-968-6556,,https://paintingepoxy.com/plymouth-mn/,https://www.google.com/maps/search/?api=1&query=Painting+&+Epoxy+Express+Plymouth+MN,5,1,,,Painter,,,,1 reviews,,,ChIJLwanrCtLs1IR52ZmMM-KwXw
Paris Painting,Painter,"3515 48th Ave N, Brooklyn Center, MN 55429",Plymouth,+1763-515-4463,,https://paris-painting.com/,https://www.google.com/maps/search/?api=1&query=Paris+Painting+Plymouth+MN,4.8,812,,,Painter,,,,812 reviews,,,ChIJV6YyW3sxs1IRhuBp8z1KwbU
Get Fresh Paint,Painter,"14960 75th Ave N, Maple Grove, MN 55311",Plymouth,+1612-325-1409,,https://getfreshpaint.biz/?utm_source=GMBlisting&utm_medium=organic,https://www.google.com/maps/search/?api=1&query=Get+Fresh+Paint+Plymouth+MN,4.9,108,,,Painter,https://www.facebook.com/Get-Fresh-Paint-110400955688698/,,,108 reviews,,,ChIJ-yDMy3tIs1IR6t2Jc_lr9Do
Best Finish Painting,Painter,"4920 Rosewood Ln, Plymouth, MN 55442",Plymouth,+1651-800-8899,,https://bestfinishpainting.com/,https://www.google.com/maps/search/?api=1&query=Best+Finish+Painting+Plymouth+MN,5,63,,,Painter,https://www.facebook.com/112550447199404,https://www.instagram.com/bestfinishpaintingllc,,63 reviews,,,ChIJDc8z2wZJs1IRJIo1faMsdXs
Stone Valley Contractors,Painter,"6130 Olson Mem Hwy, Golden Valley, MN 55422",Plymouth,+1763-269-8700,,https://www.stonevalleypainting.com/,https://www.google.com/maps/search/?api=1&query=Stone+Valley+Contractors+Plymouth+MN,4.8,90,,,Painter,,,,90 reviews,,,ChIJD9QrEoo0s1IRXO1QmTX0-q0
Brush Concepts House Painting Services,Painter,"11400 49th Pl N, Plymouth, MN 55442",Plymouth,+1612-598-1264,,,https://www.google.com/maps/search/?api=1&query=Brush+Concepts+House+Painting+Services+Plymouth+MN,4.9,26,,,Painter,,,,26 reviews,,,ChIJ0a-9SSI2s1IRjwBWSgwI22s
M. Carlson Painting,Painter,"3496 Shoreline Dr, Wayzata, MN 55391",Plymouth,+1952-933-9968,,http://www.mcarlsonpainting.com/,https://www.google.com/maps/search/?api=1&query=M.+Carlson+Painting+Plymouth+MN,5,565,,,Painter,,,,565 reviews,,,ChIJY-_g6_Qg9ocRwCfjvaum-54
Brennan Heikes Professional Painting LLC,Painter,"612 Morgan Ave S, Minneapolis, MN 55405",Plymouth,+1612-743-4458,brennan@brennanheikespainting.com,https://brennanheikespainting.com/,https://www.google.com/maps/search/?api=1&query=Brennan+Heikes+Professional+Painting+LLC+Plymouth+MN,5,79,35,,Painter,https://www.facebook.com/BHPaint,,,79 reviews,hiring,,ChIJUYDXSR8zs1IR-JaCEwPMkzQ
Cascadia LLC,Painter,"PO Box 85132, Plymouth, MN 55447",Plymouth,+1612-743-7588,,,https://www.google.com/maps/search/?api=1&query=Cascadia+LLC+Plymouth+MN,4.9,24,,,Painter,,,,24 reviews,,,ChIJm014brNOs1IRfzVyyWmm8RY
Premium Painting,Painter,"3715 Oregon Ave S Suite 4, Minneapolis, MN 55426",Plymouth,+1612-223-6161,,https://premiumpainting-msp.com/,https://www.google.com/maps/search/?api=1&query=Premium+Painting+Plymouth+MN,5,105,21,,Painter,https://www.facebook.com/p/Premium-Painting-100063837351241/,https://www.instagram.com/premiumpaintingmsp/,,105 reviews,,,ChIJ2awZTyUk9ocR_O3zVMAdpnc
"ProPainters, Inc.",Painter,,Plymouth,+1952-567-1031,admin@propaintersmn.com,https://propaintersmn.com/,"https://www.google.com/maps/search/?api=1&query=ProPainters,+Inc.+Plymouth+MN",4.9,53,30,10,Painter,https://www.facebook.com/propaintersmn/,,,53 reviews,hiring,,ChIJb4qzO_In9ocRe3-g4Mg31Ks
Lovely Paint Company,Painter,,Plymouth,+1612-202-0211,,https://lovelypaintcompany.com/,https://www.google.com/maps/search/?api=1&query=Lovely+Paint+Company+Plymouth+MN,5,21,,,Painter,http://www.facebook.com/Lovelypaintco/,,,21 reviews,,,ChIJB9x8P04n9ocRq6SFHvvoPeE
"Hokr Painting, Inc",Painter,"2525 Nevada Ave N STE 201, Golden Valley, MN 55427",Plymouth,+1763-551-1922,,http://www.hokrpainting.com/,"https://www.google.com/maps/search/?api=1&query=Hokr+Painting,+Inc+Plymouth+MN",5,24,,,Painting,https://www.facebook.com/HokrPaintingInc,http://instagram.com/hokrpainting,https://www.linkedin.com/company/hokr-painting-inc.,24 reviews,,,ChIJL4Eafjg0s1IRnvN3AWGf3dw
A Brush of Color Inc,Painter,,Plymouth,+1612-345-2245,,https://abrush-ofcolor.com/,https://www.google.com/maps/search/?api=1&query=A+Brush+of+Color+Inc+Plymouth+MN,5,10,18,,Painter,https://www.facebook.com/abrushofcolorinc/,https://www.instagram.com/abrushofcolorinc/,,10 reviews,,,ChIJR3AkmzuvtFIRe-T9QfEeGIU
Hernandez Painting LLC,Painter,"3580 Underwood Ln N, Plymouth, MN 55441",Plymouth,+1651-442-3413,,,https://www.google.com/maps/search/?api=1&query=Hernandez+Painting+LLC+Plymouth+MN,5,24,,,Painting,,,,24 reviews,,,ChIJXxRYqyZLs1IRqrGJLj7a6To
SUNSET PAINTING LLC,Painter,"Central Park Way, Maple Grove, MN 55369",Plymouth,+1727-766-4215,,http://www.sunsetpaintingmn.com/,https://www.google.com/maps/search/?api=1&query=SUNSET+PAINTING+LLC+Plymouth+MN,4.9,28,,,Painting,,,,28 reviews,,,ChIJpXNoRw45s1IRw__twZ2QCJQ
Revel Painting,Painter,,Plymouth,+1612-345-9136,,https://revel-painting.com/,https://www.google.com/maps/search/?api=1&query=Revel+Painting+Plymouth+MN,4.8,165,,,Painter,,,,165 reviews,,,ChIJn_4bVkMzs1IRIXZVIDkLV2U
The Magic Painting Company,Painter,"415 N 1st St Studio D, Minneapolis, MN 55401",Plymouth,+1612-384-1148,,http://magicpainting.com/,https://www.google.com/maps/search/?api=1&query=The+Magic+Painting+Company+Plymouth+MN,5,34,,,Painter,https://www.facebook.com/magicpaintingco,,,34 reviews,hiring,,ChIJFWnU6vAzs1IRE7mRWi1vLWA
Triple S Homes,Painter,,Plymouth,+1763-222-5339,info@tripleshomepainting.com,http://www.tripleshomepainting.com/,https://www.google.com/maps/search/?api=1&query=Triple+S+Homes+Plymouth+MN,5,23,,,Painter,https://www.facebook.com/people/Triple-S-Painting/61570826461262/,,,23 reviews,,,ChIJJRMf5HAhnowRk2lGgbfozMo
ProMax Painting,Painter,,Plymouth,+1763-910-4883,55311763.910.4883Info@promaxpaintingmn.comSocials,https://www.promaxpaintingmn.com/,https://www.google.com/maps/search/?api=1&query=ProMax+Painting+Plymouth+MN,5,15,,,Painter,https://www.facebook.com/profile.php?id=61558177836788&mibextid=LQQJ4d,,,15 reviews,,,ChIJXbFRa7anDwARlvG2z95ILUc
David's Quality Painting Llc,Painter,"5501 Boone Ave N #201, New Hope, MN 55428",Plymouth,+1763-300-1142,,http://www.davidqualitypainting.com/,https://www.google.com/maps/search/?api=1&query=David's+Quality+Painting+Llc+Plymouth+MN,5,17,,,Painting,https://facebook.com/profile.php,,,17 reviews,,,ChIJKyixQ5k3s1IRIXdIdw0x2w0
Pebble Creek Renovations,Painter,"6130 Olson Mem Hwy, Golden Valley, MN 55422",Plymouth,+1763-269-8775,,https://pebblecreekpainting.com/,https://www.google.com/maps/search/?api=1&query=Pebble+Creek+Renovations+Plymouth+MN,5,5,,,Painter,,,,5 reviews,,,ChIJS5XXE2089kMR1dDv73QlWwU
Get Fresh Paint,Painter,"6960 Madison Ave W Ste 5, Golden Valley, MN 55427",Plymouth,+1612-325-1409,,https://getfreshpaint.biz/golden-valley-painting?utm_source=GMBlisting&utm_medium=organic,https://www.google.com/maps/search/?api=1&query=Get+Fresh+Paint+Plymouth+MN,5,2,,,Painter,https://www.facebook.com/Get-Fresh-Paint-110400955688698/,,,2 reviews,,,ChIJyTJsawU1s1IRMFzMrBaWHjA
Grove Painting,Painter,"9100 Rice Lake Rd, Maple Grove, MN 55369",Plymouth,+1612-298-7901,,https://grovepainting.com/,https://www.google.com/maps/search/?api=1&query=Grove+Painting+Plymouth+MN,5,11,,,Painter,https://www.facebook.com/DIYPaintingTips/,https://www.instagram.com/diypaintingtips/,,11 reviews,,wix,ChIJowpvZ2Qxs1IRlaIJMLu7gTk
H B Painting Co.,Painter,"6417B Goodrich Ave, Minneapolis, MN 55426",Plymouth,+1612-867-8493,mark@hbpainting.com,http://hbpainting.com/,https://www.google.com/maps/search/?api=1&query=H+B+Painting+Co.+Plymouth+MN,5,63,,,Painting,,,,63 reviews,,,ChIJJVAgqZUg9ocRvD-EL5RaNT8
Wolf Power Wash and Paint LLC,Painter,"8843 N 42nd Ave, New Hope, MN 55427",Plymouth,+1612-282-5438,,https://wolfpaint.pro/,https://www.google.com/maps/search/?api=1&query=Wolf+Power+Wash+and+Paint+LLC+Plymouth+MN,5,18,,,Painter,https://www.facebook.com/profile.php?id=61551227796174,https://www.instagram.com/wolfpowerwashpaint?igsh=MTc1eDgxMG92ZGc3eg==,,18 reviews,,,ChIJURiKy-Y3s1IRFzi5zVqqobA
Painting By Jerry Wind,Painter,"3129 35th Ave S, Minneapolis, MN 55406",Plymouth,+1651-699-6140,,https://www.paintingbyjerrywind.com/,https://www.google.com/maps/search/?api=1&query=Painting+By+Jerry+Wind+Plymouth+MN,4.9,41,,,Painter,,,,41 reviews,,,ChIJSSrW7Jop9ocRZM_0F_Dwmec
Equity King Painting and Refinishing,Painter,,Plymouth,+1763-300-3983,,,https://www.google.com/maps/search/?api=1&query=Equity+King+Painting+and+Refinishing+Plymouth+MN,5,5,,,Painter,,,,5 reviews,,,ChIJS0E5I2Y2s1IRP1sMoiEbkLY
Headwaters Painting,Painter,"1101 Stinson Blvd NE Suite 110, Minneapolis, MN 55418",Plymouth,+1612-208-6383,hello@headwaterspainting.com,http://www.headwaterspainting.com/,https://www.google.com/maps/search/?api=1&query=Headwaters+Painting+Plymouth+MN,5,245,,,Painter,https://www.facebook.com/HeadwatersPainting/,https://www.instagram.com/headwaters_painting_llc/?hl=en,,245 reviews,hiring,,ChIJ4dMEKngus1IR9BVSD2qMf68
Fresh Look Painting & Chimney Inspection Services ltd,Painter,"1455 W Medicine Lake Dr, Plymouth, MN 55441",Plymouth,+1612-515-6881,,,https://www.google.com/maps/search/?api=1&query=Fresh+Look+Painting+&+Chimney+Inspection+Services+ltd+Plymouth+MN,5,4,,,Painter,,,,4 reviews,,,ChIJY6sTgHdKs1IR4YMbL-hsh40
MN Paint Guy - Paint + Remodeling,Painter,"16104 Holdridge Rd W, Wayzata, MN 55391",Plymouth,+1952-492-9153,dan@mnpaintguy.com,http://www.mnpaintguy.com/,https://www.google.com/maps/search/?api=1&query=MN+Paint+Guy+-+Paint+++Remodeling+Plymouth+MN,5,8,,,Painter,,https://www.instagram.com/mnpaintguy,,8 reviews,,,ChIJqTGEiQy7n0kRi6W83IYI4HM
New Town Exteriors & Painters,Painter,"545 Tamarack Ave # C, Long Lake, MN 55356",Plymouth,+1952-220-4867,553566122210952office@newtownexteriors.com,https://www.newtownexteriors.com/,https://www.google.com/maps/search/?api=1&query=New+Town+Exteriors+&+Painters+Plymouth+MN,4.9,57,,,Roofing contractor,https://www.facebook.com/newtownteam/,,,57 reviews,,,ChIJ6zPagoZNs1IRsZFHKJFRW_A
Stellar Painting & Drywall,Painter,"13864 Ridgedale Dr, Minnetonka, MN 55305",Plymouth,+1952-260-8844,,,https://www.google.com/maps/search/?api=1&query=Stellar+Painting+&+Drywall+Plymouth+MN,5,11,,,Painter,,,,11 reviews,,,ChIJnX6Tv8dLs1IRx-NmyG2wuFc
Blue Eagle Painting Inc,Painter,,Plymouth,+1763-257-3951,Info@blueeaglepainting.com,http://blueeaglepainting.com/,https://www.google.com/maps/search/?api=1&query=Blue+Eagle+Painting+Inc+Plymouth+MN,4.9,32,20,,Painter,,,,32 reviews,,,ChIJMSBNuLoxs1IR845voT5mkgI
Guarantee Construction Group,Painter,"15070 23rd Ave N, Plymouth, MN 55447",Plymouth,+1612-490-4175,Alex@GcgAmerica.com,https://gcgmn.com/plymouth-mn,https://www.google.com/maps/search/?api=1&query=Guarantee+Construction+Group+Plymouth+MN,5,13,10,,Painting,,,,13 reviews,hiring,,ChIJmXekUsdLs1IRGRDj-I9u0zY
Indy Painting,Painter,,Plymouth,+1612-781-4639,,http://www.indypainting.net/,https://www.google.com/maps/search/?api=1&query=Indy+Painting+Plymouth+MN,4.9,190,,,Painter,,,,190 reviews,,wordpress,ChIJd1EjLRcC9ocRikdgtPHGeOs
Pinnacle Painting,Painter,"12800 Industrial Park Blvd #151, Plymouth, MN 55441",Plymouth,+1763-325-5177,sales@pinnaclepaintingmn.com,http://pinnaclepaintingmn.com/,https://www.google.com/maps/search/?api=1&query=Pinnacle+Painting+Plymouth+MN,5,5,,,Painting,,,,5 reviews,,,ChIJSd7Vq9FLs1IRggaCtIpFMKo
"Ungerman, Inc.",Painter,"14000 21st Ave N, Plymouth, MN 55447",Plymouth,+1612-825-2800,,https://www.ungerman.net/,"https://www.google.com/maps/search/?api=1&query=Ungerman,+Inc.+Plymouth+MN",4.6,236,,,Water damage restoration service,,,,236 reviews,,,ChIJgXYr3Mkn9ocR8k23GI9qO54
Century Drywall & Painting,Painter,"7600 Boone Ave N #26, Brooklyn Park, MN 55428",Plymouth,+1763-503-7091,,https://century-drywall.com/?utm_source=GBP-KP&utm_medium=Organic,https://www.google.com/maps/search/?api=1&query=Century+Drywall+&+Painting+Plymouth+MN,4.8,102,,,Dry wall contractor,,,,102 reviews,,,ChIJY_zto1Iws1IRkoyImP8NFsA
Durahome Painting Plus,Painter,"504 Prior Ave N, St Paul, MN 55104",Plymouth,+1612-400-8864,,https://www.durahomepainting.com/,https://www.google.com/maps/search/?api=1&query=Durahome+Painting+Plus+Plymouth+MN,4.9,120,,,Painter,https://www.facebook.com/durahomepaintingplus/,https://www.instagram.com/durahomepaintingplus/,,120 reviews,,,ChIJVVXpxvQts1IRPm651YsP6yQ
Home Drywall & Painting,Painter,"2817 Anthony Ln S, St Anthony, MN 55418",Plymouth,+1612-816-5333,info@homempls.com,http://www.homedrywallandconstruction.com/,https://www.google.com/maps/search/?api=1&query=Home+Drywall+&+Painting+Plymouth+MN,4.8,572,,,Dry wall contractor,https://www.facebook.com/HomeDrywallandPainting/,,,572 reviews,hiring,,ChIJK5iABQAus1IRqS4KZ8CrJRI
La Painting & Cleaning,Painter,,Plymouth,+1507-301-8365,,http://www.lapaintingandcleaning.com/,https://www.google.com/maps/search/?api=1&query=La+Painting+&+Cleaning+Plymouth+MN,5,32,,,Painter,https://www.facebook.com/Lapaintingandcleaningllc/about,,,32 reviews,,,ChIJgQl2v9WiAkURQGodqrMqUaI
Thompson Quality Painting,Painter,"2032 Edgewater Ave, Arden Hills, MN 55112",Plymouth,+1763-238-9287,,http://thompsonqualitypainting.com/,https://www.google.com/maps/search/?api=1&query=Thompson+Quality+Painting+Plymouth+MN,5,43,,,Painting,,,,43 reviews,,,ChIJ6UabIc4ps1IR80_JFFWc3kw
FBC Remodel,Bath Remodeler,,Plymouth,,,,https://www.google.com/maps/search/?api=1&query=FBC+Remodel+Plymouth+MN,4.7,120,,,,,,,120 reviews,,,FBC Remodel
Nextgen Construction LLC,Bath Remodeler,,Plymouth,,,,https://www.google.com/maps/search/?api=1&query=Nextgen+Construction+LLC+Plymouth+MN,5,113,,,,,,,113 reviews,,,Nextgen Construction LLC
Xpres Kitchen and Bath,Bath Remodeler,"3650 Annapolis Ln N Suite 140, Plymouth, MN 55447",Plymouth,+1763-392-0111,,https://www.xpresco.com/,https://www.google.com/maps/search/?api=1&query=Xpres+Kitchen+and+Bath+Plymouth+MN,4.6,83,,,Bathroom remodeler,https://www.facebook.com/xpreskitchenandbath/,,,83 reviews,,,ChIJVVUV1olJs1IRHOQjtteUnZw
Clear Choice Bath,Bath Remodeler,"9405 36th Ave N Suite A, New Hope, MN 55427",Plymouth,+1844-410-0053,,http://www.clearchoicebath.com/,https://www.google.com/maps/search/?api=1&query=Clear+Choice+Bath+Plymouth+MN,4.8,56,22,,Bathroom remodeler,https://www.facebook.com/clearchoicebathIA/,,,56 reviews,hiring,,ChIJ9cuRoUY69ocRj0-bHw88Sbo
Minnesota Rusco,Bath Remodeler,"5010 US-169 N, New Hope, MN 55428",Plymouth,+1952-935-9669,,https://minnesotarusco.com/,https://www.google.com/maps/search/?api=1&query=Minnesota+Rusco+Plymouth+MN,4.7,4727,,,Bathroom remodeler,https://www.facebook.com/MNRusco/,https://www.instagram.com/minnesotarusco,,4727 reviews,hiring,,ChIJHZIdDMYh9ocRmByKHQMj6xY
Minnesota Shower and Bath,Bath Remodeler,"5010 US-169, New Hope, MN 55428",Plymouth,+1651-646-1687,,https://www.minnesotashowerandbath.com/,https://www.google.com/maps/search/?api=1&query=Minnesota+Shower+and+Bath+Plymouth+MN,4.6,265,,,Bathroom remodeler,https://www.facebook.com/minnesotashowerandbath/,,,265 reviews,hiring,,ChIJlUPTo1w2s1IRjRYoVfpzQCI
Minnesota Remodelers LLC,Bath Remodeler,"1400 County Rd 101 Suite G, Plymouth, MN 55447",Plymouth,+1763-260-0716,,https://minnesotaremodelers.com/home-remodeling-services-mn/,https://www.google.com/maps/search/?api=1&query=Minnesota+Remodelers+LLC+Plymouth+MN,4.7,14,29,,Bathroom remodeler,https://www.facebook.com/p/Minnesota-Remodelers-100063903671626/,,,14 reviews,,,ChIJeWXnaTpLs1IR6UYN859w5F4
"Melco Remodeling, Inc",Bath Remodeler,,Plymouth,+1612-598-6338,,http://melcoremodeling.com/,"https://www.google.com/maps/search/?api=1&query=Melco+Remodeling,+Inc+Plymouth+MN",5,41,,,Bathroom remodeler,http://www.facebook.com/melcoremodeling/?modal=admin_todo_tour,,,41 reviews,,,ChIJfY0dL_1Ls1IRyEE-DUSSqJA
Add Value Remodeling,Bath Remodeler,"10990 40th Pl N, Plymouth, MN 55441",Plymouth,+1612-889-6422,USinfo@AddValueRemodeling.com,http://addvalueremodeling.com/,https://www.google.com/maps/search/?api=1&query=Add+Value+Remodeling+Plymouth+MN,4.9,34,,,Bathroom remodeler,,,,34 reviews,,,ChIJObIFq7M3s1IRKqEVwKBNn3o
Crystal Kitchen + Bath,Bath Remodeler,"3620 Winnetka Ave N, Minneapolis, MN 55427",Plymouth,+1763-544-5950,,https://www.crystalkitchen.com/?utm_campaign=gmb,https://www.google.com/maps/search/?api=1&query=Crystal+Kitchen+++Bath+Plymouth+MN,4.9,47,,,Bathroom remodeler,https://www.facebook.com/CrystalKitchenBath/,https://www.instagram.com/crystalkitchenbath/,,47 reviews,,,ChIJ50iBTyg0s1IRDGg7RbXd8TE
A to Z Construction | Bathroom Remodeling | Roofing | Storm Damage Repair,Bath Remodeler,"124 County Rd 81, Maple Grove, MN 55369",Plymouth,+1763-424-1884,info@atoz-construction.com,http://www.atoz-construction.com/,https://www.google.com/maps/search/?api=1&query=A+to+Z+Construction+|+Bathroom+Remodeling+|+Roofing+|+Storm+Damage+Repair+Plymouth+MN,4.9,178,21,,Bathroom remodeler,https://www.facebook.com/atozcontracting,https://www.instagram.com/a_to_z_construction_inc/,,178 reviews,,,ChIJVzUJcFM4s1IRsQzEREDtifA
Vick Remodeling,Bath Remodeler,"13305 Loveland Cir, Minnetonka, MN 55305",Plymouth,+1952-250-2777,nate@vickremodeling.com,http://vickremodeling.com/,https://www.google.com/maps/search/?api=1&query=Vick+Remodeling+Plymouth+MN,4.9,17,,,Bathroom remodeler,https://www.facebook.com/Vick-Remodeling-137080809689223/,,,17 reviews,,,ChIJE9mwi89Ks1IRj2s-r4K8iCo
Cabinets For Everyone,Bath Remodeler,"2062 E Center Cir, Plymouth, MN 55441",Plymouth,+1612-298-3046,cabinetsforeveryone@yahoo.com,https://www.cabinetsforeveryone.com/,https://www.google.com/maps/search/?api=1&query=Cabinets+For+Everyone+Plymouth+MN,4.8,58,,,Bathroom remodeler,,,,58 reviews,,,ChIJc9hxrN41s1IROzJjybuRueM
Revival House,Bath Remodeler,"12955 Hwy 55, Plymouth, MN 55441",Plymouth,+1763-717-8500,hello@revivalhouse.design,https://revivalhouse.design/,https://www.google.com/maps/search/?api=1&query=Revival+House+Plymouth+MN,4.4,42,14,,Bathroom remodeler,https://www.facebook.com/revivalhouse.design/,https://www.instagram.com/p/DCxMAzzTzHg/?utm_source=ig_web_copy_link&igsh=MzRlODBiNWFlZA==,,42 reviews,,,ChIJKeZer_wh9ocRlDh-O2ELzMs
Renova One,Bath Remodeler,"2735 Cheshire Ln N, Plymouth, MN 55447",Plymouth,+1763-551-3500,,http://www.renovaone.com/,https://www.google.com/maps/search/?api=1&query=Renova+One+Plymouth+MN,4,51,,,Flooring contractor,https://www.facebook.com/welcometorenovaone/,https://www.instagram.com/renovationsystems/,https://www.linkedin.com/company/welcometorenovaone,51 reviews,hiring,,ChIJVVWV6DBKs1IR9TU3-Ehm0FM
Midwest Construction & Remodeling,Bath Remodeler,"15098 23rd Ave N, Plymouth, MN 55447",Plymouth,+1763-200-1946,,https://mwcrhomes.com/,https://www.google.com/maps/search/?api=1&query=Midwest+Construction+&+Remodeling+Plymouth+MN,4.9,65,,,Bathroom remodeler,,,,65 reviews,hiring,,ChIJX7Ml2CZIs1IRuXw0JaO7zj8
Built,Bath Remodeler,,Plymouth,+1612-281-5777,,,https://www.google.com/maps/search/?api=1&query=Built+Plymouth+MN,5,17,,,Bathroom remodeler,,,,17 reviews,,,ChIJyRkILdJLs1IRunZOMXu2uAE
JOE BUILDER | Remodeling | New Construction,Bath Remodeler,"5235 Everest Ln N, Plymouth, MN 55446",Plymouth,+1763-307-5774,7047info@joebuilder.co,https://joebuilder.co/,https://www.google.com/maps/search/?api=1&query=JOE+BUILDER+|+Remodeling+|+New+Construction+Plymouth+MN,4.9,43,,,Bathroom remodeler,https://www.facebook.com/JoeBuildertwincities/,https://www.instagram.com/joebuildermn/,,43 reviews,,,ChIJpRjB3dMxs1IRdQ7sIywgeW4
Porcelite,Bath Remodeler,"14332 21st Ave N UNIT 100, Minneapolis, MN 55447",Plymouth,+1612-529-7000,shane@thetubguys.net,http://www.porcelite.net/,https://www.google.com/maps/search/?api=1&query=Porcelite+Plymouth+MN,3,11,,,Bathroom remodeler,https://www.facebook.com/thetubguysmn,,,11 reviews,,,ChIJo8FgNEpKs1IR7-2Qli6g0lM
Remodelers Edge MN,Bath Remodeler,"7036 Polaris Ln N, Maple Grove, MN 55311",Plymouth,+1651-325-6834,contact@remodelersedgeMN.comLet,https://www.remodelersedgemn.com/,https://www.google.com/maps/search/?api=1&query=Remodelers+Edge+MN+Plymouth+MN,5,6,,,Bathroom remodeler,,,,6 reviews,,,ChIJMSX3UW5Js1IRgmc2cgGVMns
Next Level Remodeling MN,Bath Remodeler,,Plymouth,+1612-808-9400,,https://www.nextlevelremodelingmn.com/,https://www.google.com/maps/search/?api=1&query=Next+Level+Remodeling+MN+Plymouth+MN,5,21,,,Bathroom remodeler,https://facebook.com/nextlevelremodelingmn,,,21 reviews,,,ChIJc1VjS1yXfaQRYFMkKULYT4w
Executive Remodeling,Bath Remodeler,"2649 Louisiana Ave S, Minneapolis, MN 55426",Plymouth,+1612-333-5577,,https://www.executiveremodeling.com/,https://www.google.com/maps/search/?api=1&query=Executive+Remodeling+Plymouth+MN,4.7,75,20,,Bathroom remodeler,https://www.facebook.com/ExecutiveRemodelingMSP/,https://www.instagram.com/executive_remodeling/,https://www.linkedin.com/company/executive-remodelingmn/about/,75 reviews,hiring,,ChIJkym294E0s1IRDVUG6G83dr0
Prairie Home Improvement,Bath Remodeler,,Plymouth,+1763-400-6102,nate@prairiehomeimprove.com,http://www.prairiehomeimprove.com/,https://www.google.com/maps/search/?api=1&query=Prairie+Home+Improvement+Plymouth+MN,5,20,,,Bathroom remodeler,,,,20 reviews,,,ChIJI9RKEBQ0s1IR3lpCFn0V9ik
Sawhill Kitchen Bath and Remodel,Bath Remodeler,"275 Market St #157, Minneapolis, MN 55405",Plymouth,+1612-338-3991,,https://sawhillkitchens.com/,https://www.google.com/maps/search/?api=1&query=Sawhill+Kitchen+Bath+and+Remodel+Plymouth+MN,4.9,36,,,Bathroom remodeler,,,,36 reviews,,,ChIJP-Mm1-8ys1IROedhK6WwAu4
Ryan's Remodeling,Bath Remodeler,"1320 Edgewood Ave N, Golden Valley, MN 55427",Plymouth,+1612-532-3603,,http://www.remodelwithryan.com/,https://www.google.com/maps/search/?api=1&query=Ryan's+Remodeling+Plymouth+MN,5,23,,,Contractor,,,,23 reviews,,,ChIJ9bG422Y0s1IRYHYQ5q35smk
Home Building & Remodeling Experts,Bath Remodeler,"6701 W 23rd St, St Louis Park, MN 55426",Plymouth,+1763-401-7423,,https://www.hbre-mn.com/,https://www.google.com/maps/search/?api=1&query=Home+Building+&+Remodeling+Experts+Plymouth+MN,4.9,37,,,Bathroom remodeler,https://www.facebook.com/HBREMN,https://www.instagram.com/hbre_mn/,,37 reviews,,,ChIJya8g_IQ1s1IRqtpQhzOWZsE
DreamMaker Bath & Kitchen,Bath Remodeler,"6801 Wayzata Blvd Suite 4, St Louis Park, MN 55426",Plymouth,+1952-417-9999,mail@dreamkitchenbath.com,https://www.dreammaker-remodel.com/st-louis-park/,https://www.google.com/maps/search/?api=1&query=DreamMaker+Bath+&+Kitchen+Plymouth+MN,4.8,9,,,Bathroom remodeler,https://www.facebook.com/dreamkitchenbathmn/,https://www.instagram.com/dmstpaulmn/,,9 reviews,,,ChIJPavqLuo0s1IR15lz6t9gQXM
Maple Grove Bathroom and Kitchen Remodeling - MNPROS,Bath Remodeler,,Plymouth,+1952-994-1286,,https://mn-pros.com/,https://www.google.com/maps/search/?api=1&query=Maple+Grove+Bathroom+and+Kitchen+Remodeling+-+MNPROS+Plymouth+MN,,,,,Bathroom remodeler,,,,,,,ChIJcXWsw9PV0A0RgFxcscP3PGk
I & E Renovations Inc,Bath Remodeler,"3440 Beltline Blvd apt 510, Minneapolis, MN 55416",Plymouth,+1612-429-6704,,https://ierenovations.com/,https://www.google.com/maps/search/?api=1&query=I+&+E+Renovations+Inc+Plymouth+MN,5,51,,,Bathroom remodeler,,https://instagram.com/ierenovationsmn?igshid=YmMyMTA2M2Y=,,51 reviews,,,ChIJ68Nv3TAh9ocRUQFs_1n2lBc
Tile By Roman,Bath Remodeler,"6125 Vicksburg Ln N, Plymouth, MN 55446",Plymouth,+1763-339-5724,,,https://www.google.com/maps/search/?api=1&query=Tile+By+Roman+Plymouth+MN,5,43,,,Bathroom remodeler,,,,43 reviews,,,ChIJuXhAIcTxWAcRZz2Y9yIig3s
Legacy Bath Solutions,Bath Remodeler,,Plymouth,+1651-565-6990,,https://www.legacybathsolutions.com/,https://www.google.com/maps/search/?api=1&query=Legacy+Bath+Solutions+Plymouth+MN,5,6,,,Bathroom remodeler,,,,6 reviews,,,ChIJxebvR6fUdiIRhDGvZc0KKus
Northern Cabinets and Remodeling,Bath Remodeler,"6960 Madison Ave W #2, Golden Valley, MN 55427",Plymouth,+1612-250-9519,,http://www.northerncabinets.com/golden-valley-mn-kitchen-remodel/,https://www.google.com/maps/search/?api=1&query=Northern+Cabinets+and+Remodeling+Plymouth+MN,5,2,,,Bathroom remodeler,https://www.facebook.com/dan.mork.5?fref=ts,,,2 reviews,,wordpress,ChIJSbnJpkA0s1IRPx8-sadGZoo
Bath Wizard,Bath Remodeler,"1405 Lilac Dr N 251 C, Golden Valley, MN 55422",Plymouth,+1800-298-5914,,https://www.bath-wizard.com/,https://www.google.com/maps/search/?api=1&query=Bath+Wizard+Plymouth+MN,3.8,13,,,Bathroom remodeler,,,,13 reviews,,,ChIJVw5ScSU1s1IR6Kv0XS-pNU8
Nail and Hammer Renovations,Bath Remodeler,"4610 Juneau Ln N, Plymouth, MN 55446",Plymouth,+1651-245-7216,,http://nailandhammerrenovations.com/,https://www.google.com/maps/search/?api=1&query=Nail+and+Hammer+Renovations+Plymouth+MN,4.2,46,,,General contractor,,,,46 reviews,,,ChIJFzeVSpRLs1IRKhgvFclRf2E
Rusco Kitchen Remodelers,Bath Remodeler,"5010 US-169, New Hope, MN 55428",Plymouth,+1952-746-7663,info@minnesotarusco.com,http://www.ruscokitchens.com/,https://www.google.com/maps/search/?api=1&query=Rusco+Kitchen+Remodelers+Plymouth+MN,4.8,344,,,Kitchen remodeler,https://www.facebook.com/Rusco-Kitchen-Remodelers-105172714500151/,,,344 reviews,,,ChIJAz5jyLk3s1IRN8Rp1zydhuU
Bathroom Remodeling By Hamza Tile and Stone,Bath Remodeler,"7242 Penn Ave N, Brooklyn Center, MN 55430",Plymouth,+1763-439-1371,filler@godaddy.comBookingsMy,https://bathroomsbyhamzatileandstone.com/,https://www.google.com/maps/search/?api=1&query=Bathroom+Remodeling+By+Hamza+Tile+and+Stone+Plymouth+MN,5,26,,,Bathroom remodeler,,,,26 reviews,,,ChIJScaFrs4xs1IR0hxYYdG7t_s
Arteos,Bath Remodeler,"12000 Marion Ln, Minnetonka, MN 55305",Plymouth,+1763-439-3826,,http://arteos.us/,https://www.google.com/maps/search/?api=1&query=Arteos+Plymouth+MN,5,18,,,Bathroom remodeler,,,,18 reviews,,,ChIJ04Np7Xn4G0wRyC1tITE4zVw
Otto & Sons Construction Llc,Bath Remodeler,"12800 Industrial Park Blvd, Plymouth, MN 55441",Plymouth,+1612-834-6886,Chris@OttoandSonsConstruction.com,http://www.ottoandsonsconstruction.com/,https://www.google.com/maps/search/?api=1&query=Otto+&+Sons+Construction+Llc+Plymouth+MN,3,2,,,Bathroom remodeler,https://www.facebook.com/Otto-and-Sons-Construction-LLC-175960776393/,https://www.instagram.com/otto_and_sons_construction/,,2 reviews,,,ChIJxXdNBkKetFIRhtJRScWaW2Y
Platinum Remodeling and Handyman Services,Bath Remodeler,"810 Lilac Dr N, Golden Valley, MN 55422",Plymouth,+1612-823-5592,55422info@platinumremodeling.com,http://platinumremodeling.com/,https://www.google.com/maps/search/?api=1&query=Platinum+Remodeling+and+Handyman+Services+Plymouth+MN,5,31,,,Bathroom remodeler,https://www.facebook.com/Platinum-Remodeling-and-Handyman-Services-330064835940/,https://www.instagram.com/platinum.remodeling.mn/,,31 reviews,hiring,,ChIJ0_E1VUk1s1IR3h5NloDSaLI
Tundraland Home Improvements,Bath Remodeler,"2728 Summer St NE, Minneapolis, MN 55413",Plymouth,+1800-886-3725,,https://www.tundraland.com/?utm_source=google&utm_medium=organic&utm_campaign=local,https://www.google.com/maps/search/?api=1&query=Tundraland+Home+Improvements+Plymouth+MN,4.8,56,,,Bathroom remodeler,,,,56 reviews,,,ChIJ4YuLKGVyOAURz76dr5PaKCY
Midwest Bath and Shower,Bath Remodeler,"400 S 4th St, Minneapolis, MN 55415",Plymouth,+1424-599-5140,,https://www.midwestbathandshower.com/,https://www.google.com/maps/search/?api=1&query=Midwest+Bath+and+Shower+Plymouth+MN,5,19,,,Bathroom remodeler,https://www.facebook.com/profile.php?id=61563867086957,https://www.instagram.com/midwestbathshower/,,19 reviews,,,ChIJ9UKMy1wzs1IR6e6jkzISVkc
Minneapolis Bathroom and Kitchen Remodeling - MNPROS,Bath Remodeler,,Plymouth,+1952-994-1286,,https://mn-pros.com/,https://www.google.com/maps/search/?api=1&query=Minneapolis+Bathroom+and+Kitchen+Remodeling+-+MNPROS+Plymouth+MN,5,1,,,Bathroom remodeler,,,,1 reviews,,,ChIJ03iMtCFLZm0RVpyVpC7gWyM
Ace Handyman Services Minnetonka,Bath Remodeler,,Plymouth,,,,https://www.google.com/maps/search/?api=1&query=Ace+Handyman+Services+Minnetonka+Plymouth+MN,5,333,,,,,,,333 reviews,,,Ace Handyman Services Minnetonka
Ben Quie & Sons,Bath Remodeler,"2448 Larpenteur Ave W, St Paul, MN 55113",Plymouth,+1651-645-5429,,https://benquieandsons.com/,https://www.google.com/maps/search/?api=1&query=Ben+Quie+&+Sons+Plymouth+MN,5,29,,,Contractor,,,,29 reviews,,,ChIJO0KuBY0ss1IRcvq8eCcSmu4
Valley Interior Products,Bath Remodeler,"4626 N Lyndale Ave, Minneapolis, MN 55412",Plymouth,+1612-521-7663,info@vip-mpls.com,http://vipbathrooms.com/,https://www.google.com/maps/search/?api=1&query=Valley+Interior+Products+Plymouth+MN,4.5,14,,,Bathroom remodeler,,,,14 reviews,,,ChIJLaHU4-wxs1IRZ7B7EX24X3E
Wise Design & Remodel LLC,Bath Remodeler,"2327 Wycliff St Suite 110, St Paul, MN 55114",Plymouth,+1612-849-2515,612.849.2515info@wisedesignremodel.comClient,https://www.wisedesignremodel.com/,https://www.google.com/maps/search/?api=1&query=Wise+Design+&+Remodel+LLC+Plymouth+MN,4.9,45,,,Bathroom remodeler,https://www.facebook.com/profile.php?id=61559721373430,https://www.instagram.com/wisedesignremodel/,,45 reviews,,,ChIJbWom-MYp9ocRaLwfTYP71y4
Prima Construction,Bath Remodeler,"4838 W Upland Crest, Columbia Heights, MN 55421",Plymouth,+1612-888-5959,55421612-888-5959info@prima-construction.comMinnesota,http://www.prima-construction.com/,https://www.google.com/maps/search/?api=1&query=Prima+Construction+Plymouth+MN,4.6,31,,,Bathroom remodeler,https://www.facebook.com/primatwincities,https://www.instagram.com/primaconstruction,,31 reviews,,,ChIJ7Xu2w1Eus1IR91JvmA_zvkc
Bath Fitter,Bath Remodeler,"2500 Cleveland Ave N Ste I, Roseville, MN 55113",Plymouth,+1612-979-2447,,https://www.bathfitter.com/us-en/location/minnesota/?utm_source=gmb&utm_medium=organic&utm_campaign=gmb-google-seo,https://www.google.com/maps/search/?api=1&query=Bath+Fitter+Plymouth+MN,4.7,418,,,Bathroom remodeler,https://www.facebook.com/BathfitterMN,https://www.instagram.com/bathfitter/,https://www.linkedin.com/company/bath-fitter/,418 reviews,hiring,,ChIJYWh_Vmgrs1IRO_JG1cKtHJI
Muse Remodeling,Bath Remodeler,"2705 Pierce St NE, Minneapolis, MN 55418",Plymouth,+1763-807-6928,States763-807-6928museremodeling@gmail.com,http://muse-remodeling.com/,https://www.google.com/maps/search/?api=1&query=Muse+Remodeling+Plymouth+MN,4.9,29,,,Construction company,https://www.facebook.com/museremodeling?ref=hl,,,29 reviews,,squarespace,ChIJSZXxgcMts1IRhNQPR3ia4jw
Mad City Windows & Baths of Minneapolis,Bath Remodeler,"2621 Fairview Ave N Suite 600, Roseville, MN 55113",Plymouth,+1952-529-9266,,https://madcitywindows.com/minneapolis/?utm_source=gmb&utm_medium=Yext&y_source=1_NjY1MDE4OTYtNzE1LWxvY2F0aW9uLndlYnNpdGU%3D,https://www.google.com/maps/search/?api=1&query=Mad+City+Windows+&+Baths+of+Minneapolis+Plymouth+MN,4.5,1779,27,,Bathroom remodeler,https://www.facebook.com/MadCityWindows/,,,1779 reviews,hiring,,ChIJu-Gxb_Ers1IRluXsSnCmU7g
Briggs & Nins Construction LLC,Bath Remodeler,"2380 Wycliff St #200, St Paul, MN 55114",Plymouth,+1612-927-2650,,https://briggsnins.com/,https://www.google.com/maps/search/?api=1&query=Briggs+&+Nins+Construction+LLC+Plymouth+MN,4.9,42,,,Bathroom remodeler,https://www.facebook.com/briggsnins,https://www.instagram.com/briggsnins,https://www.linkedin.com/company/briggsnins/,42 reviews,,,ChIJS6jW8tEaMakRakvj6faIHts
Twin City Baths & Tile,Bath Remodeler,,Plymouth,+1612-460-8090,Statesinfo@twincitybaths.com,https://www.twincitybaths.com/,https://www.google.com/maps/search/?api=1&query=Twin+City+Baths+&+Tile+Plymouth+MN,5,6,4,,Bathroom remodeler,,,,6 reviews,,,ChIJL5Ru-O6QnaoRuDcnQM_LLeE
Quality House Painting,Painter,"726 Lake St E, Wayzata, MN 55391",Wayzata,+1952-800-9316,,https://sites.google.com/view/quality-edge-painters/home,https://www.google.com/maps/search/?api=1&query=Quality+House+Painting+Wayzata+MN,5,5,,,Painting,,,,5 reviews,,,ChIJyfxsPgBNs1IRIwFsReH1qH0
Lake Minnetonka Painting,Painter,"16814 Cottage Grove Ave, Wayzata, MN 55391",Wayzata,+1952-345-4554,,http://www.lakeminnetonkapainting.com/,https://www.google.com/maps/search/?api=1&query=Lake+Minnetonka+Painting+Wayzata+MN,5,1,,,Painter,,,,1 reviews,,,ChIJ7z5lewIe9ocRErutrmw2Vfs
Palmer Painting,Painter,"545 Tamarack Ave Suite F, Long Lake, MN 55356",Wayzata,+1952-679-8605,,http://www.palmerptg.com/,https://www.google.com/maps/search/?api=1&query=Palmer+Painting+Wayzata+MN,4.8,22,,,Painter,,https://www.instagram.com/palmerptg/,,22 reviews,hiring,,ChIJeTVNkJQ1s1IRdKtUWyHfC10
Dave's Painting Inc.,Painter,"3927 Colgate Ave, Minnetonka, MN 55345",Wayzata,+1952-201-1577,,,https://www.google.com/maps/search/?api=1&query=Dave's+Painting+Inc.+Wayzata+MN,5,9,,,Painter,,,,9 reviews,,,ChIJb3fJqA4e9ocRsvG77itlFLM
New Town Painters,Painter,"545 Tamarack Ave, Long Lake, MN 55356",Wayzata,+1952-473-4455,553566122210952office@newtownexteriors.com,http://www.newtownpainters.com/,https://www.google.com/maps/search/?api=1&query=New+Town+Painters+Wayzata+MN,5,1,,,Painter,https://www.facebook.com/newtownteam/,,,1 reviews,,,ChIJA_2OPYVNs1IRs50TU5ubXIw
"Westech Painting & Decorating, LLC",Painter,"2830 Brockton Ln N, Plymouth, MN 55447",Wayzata,+1612-616-6979,,,"https://www.google.com/maps/search/?api=1&query=Westech+Painting+&+Decorating,+LLC+Wayzata+MN",,,,,Painter,,,,,,,ChIJvXpUwCxMs1IRkzKYW4BlG7Y
S.A. Allen Painting & Fine Finishes,Painter,"11219 Oakvale Rd S, Hopkins, MN 55305",Wayzata,+1952-594-0001,,http://saallenpainting.com/,https://www.google.com/maps/search/?api=1&query=S.A.+Allen+Painting+&+Fine+Finishes+Wayzata+MN,5,4,,,Painter,,,,4 reviews,,,ChIJ49N7h_Yf9ocRveLokFb-Q8Y
Fox Co,Painter,"1935 Wayzata Blvd Suite 300, Long Lake, MN 55356",Wayzata,+1612-295-9080,,https://foxcominnesota.com/,https://www.google.com/maps/search/?api=1&query=Fox+Co+Wayzata+MN,5,19,,,Painter,https://www.facebook.com/people/FOX-CO/61556896456893/,https://www.instagram.com/itsmorethanjustpaint,https://www.linkedin.com/company/fox-co-inc/?viewAsMember=true,19 reviews,,,ChIJa1Nml3NNs1IRMfeXoIw8gfg
All Kind Painting & Cleaning,Painter,"2756 Douglas Dr N, Minneapolis, MN 55422",Wayzata,+1612-432-3744,info@allkindpnc.com,http://allkindpnc.com/,https://www.google.com/maps/search/?api=1&query=All+Kind+Painting+&+Cleaning+Wayzata+MN,3.2,42,,,Painter,https://www.facebook.com/AllKindPaintingAndCleaning,,,42 reviews,,,ChIJd6U5LEhKs1IRsBo31Vfh3iY
A+ Professional Painting LLC.,Painter,,Wayzata,+1612-267-7594,Quote@APlusProPainting.com,http://www.apluspropainting.com/,https://www.google.com/maps/search/?api=1&query=A++Professional+Painting+LLC.+Wayzata+MN,4.9,30,,,Painter,https://www.facebook.com/APlusProPaintingTwinCities/,https://www.instagram.com/apluspropainting,https://www.linkedin.com/company/a-professional-painting-co.,30 reviews,,,ChIJu79TKWM1s1IRYVcOHb7Qbpo
Valle's Painting and Drywall,Painter,"2731 Hillsboro Ave N #306, New Hope, MN 55427",Wayzata,+1952-395-3392,,,https://www.google.com/maps/search/?api=1&query=Valle's+Painting+and+Drywall+Wayzata+MN,,,,,Painter,,,,,,,ChIJRZMXGs-wbCURJ0cN4MnhfO8
Soto's Repair & Painting Co,Painter,,Wayzata,+1612-800-1018,,,https://www.google.com/maps/search/?api=1&query=Soto's+Repair+&+Painting+Co+Wayzata+MN,1,2,,,Painter,,,,2 reviews,,,ChIJrU0jv4BECm0RnZtGeR48AVw
Wild Scorpion Painting Services,Painter,"2727Rhode, Island Ave S, St Louis Park, MN 55426",Wayzata,+1612-469-0007,,https://wildscorpion-painting-services.ueniweb.com/?utm_campaign=gmb,https://www.google.com/maps/search/?api=1&query=Wild+Scorpion+Painting+Services+Wayzata+MN,,,,,Painter,,,,,,,ChIJyyacAm81s1IRaY3j5bMxSC0
Micont Painting & Repair Services,Painter,,Wayzata,+1763-247-1495,,,https://www.google.com/maps/search/?api=1&query=Micont+Painting+&+Repair+Services+Wayzata+MN,,,,,Painter,,,,,,,ChIJ-y6d_pzayQoRkNr5WxfaiUo
"Precision Epoxy - Quality & Affordable Painting Service, Reliable Painting Contractor",Painter,,Wayzata,+1612-473-7211,,,"https://www.google.com/maps/search/?api=1&query=Precision+Epoxy+-+Quality+&+Affordable+Painting+Service,+Reliable+Painting+Contractor+Wayzata+MN",1,1,,,Painter,,,,1 reviews,,,ChIJUZv8FhNnPg8RiPgMb2LqaY8
Ace Handyman Services Minnetonka,Painter,"901 Twelve Oaks Center Dr #930, Wayzata, MN 55391",Wayzata,+1952-698-1267,,https://www.acehandymanservices.com/offices/minnetonka,https://www.google.com/maps/search/?api=1&query=Ace+Handyman+Services+Minnetonka+Wayzata+MN,5,335,,,Painter,,,,335 reviews,,,ChIJF6-82VBLs1IRy98uV5QjO3k
"F&M Custom Painting, LLC.",Painter,,Wayzata,+1952-454-3692,,,"https://www.google.com/maps/search/?api=1&query=F&M+Custom+Painting,+LLC.+Wayzata+MN",4.8,16,,,Painter,,,,16 reviews,,,ChIJL_eHqpgtookRs8R3IBJEXVs
New Vibes Painting Company,Painter,,Wayzata,+1612-916-6875,,https://newvibes.org/,https://www.google.com/maps/search/?api=1&query=New+Vibes+Painting+Company+Wayzata+MN,5,29,,,Painter,,,,29 reviews,,,ChIJo3s9Z7Qxs1IRzAzhoFbYuGU
Eclipse Painting Minnetonka,Painter,,Wayzata,+1952-495-1141,,https://eclipsepaintingminnetonka.com/,https://www.google.com/maps/search/?api=1&query=Eclipse+Painting+Minnetonka+Wayzata+MN,,,,,Painter,,,,,,,ChIJd0pXXA8f9ocRR0c_KUuS-Lw
Wayzata Bay Painting Company,Painter,,Wayzata,+1612-461-8086,,http://wayzatabaypainting.com/,https://www.google.com/maps/search/?api=1&query=Wayzata+Bay+Painting+Company+Wayzata+MN,,,,,Painter,,,,,,,ChIJhRRMPdtLs1IRAZkpRlRYcuE
Quality Craftsman Painting,Painter,,Wayzata,,Facebookqualitycraftsmanpaintingmn@gmail.com,http://qcpmn.com/,https://www.google.com/maps/search/?api=1&query=Quality+Craftsman+Painting+Wayzata+MN,5,3,,,Contractor,,,,3 reviews,,,ChIJiUkexoBLs1IRYy0u6PFC8eg
Painters in Minneapolis,Painter,,Wayzata,+1612-712-4844,,,https://www.google.com/maps/search/?api=1&query=Painters+in+Minneapolis+Wayzata+MN,,,,,Painter,,,,,,,ChIJj2s0Gu81s1IR22e0jJc0chw
Blue Sky Group Inc.,Painter,"1161 Wayzata Blvd #154, Wayzata, MN 55391",Wayzata,+1612-802-9505,,https://blueskygroupinc.com/,https://www.google.com/maps/search/?api=1&query=Blue+Sky+Group+Inc.+Wayzata+MN,4.4,7,,,Painting,,,,7 reviews,,,ChIJRVpR-Q5Ls1IRNkg42tprbOo
Swanson & Youngdale,Painter,"6565 W 23rd St, Minneapolis, MN 55426",Wayzata,+1952-545-2541,,http://www.swansonyoungdale.com/,https://www.google.com/maps/search/?api=1&query=Swanson+&+Youngdale+Wayzata+MN,4.9,34,,,Painting,https://www.facebook.com/Swanson-Youngdale-Inc-249764911736118/,,https://www.linkedin.com/company/swanson-&-youngdale-inc.,34 reviews,hiring,,ChIJWZyYlcg0s1IRYBkGkLopyiU
Scott Services Lawn Care & Landscaping,Painter,"326 Park St E, Wayzata, MN 55391",Wayzata,+1612-280-9488,Scottservicemn@gmail.com,https://scottservicesmn.com/,https://www.google.com/maps/search/?api=1&query=Scott+Services+Lawn+Care+&+Landscaping+Wayzata+MN,5,31,,,Landscaper,,,,31 reviews,,,ChIJ4wgMU9SNJyURXqqINvcj7t0
"APV Drywall, Inc.",Painter,"15020 27th Ave N UNIT 100, Plymouth, MN 55447",Wayzata,+1612-232-4645,,http://www.apvdrywall.com/,"https://www.google.com/maps/search/?api=1&query=APV+Drywall,+Inc.+Wayzata+MN",4.4,76,,,Dry wall contractor,,,,76 reviews,hiring,,ChIJr8Q4mxY6s1IRD4nNjoueAAI
Rainbow Inc.,Painter,"7324 36th Ave N, Minneapolis, MN 55427",Wayzata,+1763-535-4041,535-4041info@rainbowincmn.com,http://rainbowincmn.com/,https://www.google.com/maps/search/?api=1&query=Rainbow+Inc.+Wayzata+MN,3.6,7,,,Painter,,,,7 reviews,hiring,,ChIJyZOj5CY0s1IRaxfyaPpYRkc
Hirshfield's Plymouth Contractor Service Center,Painter,"1975 Annapolis Ln N, Plymouth, MN 55441",Wayzata,+1763-577-9864,,https://www.hirshfields.com/,https://www.google.com/maps/search/?api=1&query=Hirshfield's+Plymouth+Contractor+Service+Center+Wayzata+MN,4.4,23,,,Painting,https://www.facebook.com/Hirshfields,https://www.instagram.com/hirshfieldspaint/,https://www.linkedin.com/company/hirshfield's,23 reviews,hiring,,ChIJtxI1AkRKs1IRBaGBN2EUfTA
Legatt Decorating Inc,Painter,"9100 10th Ave N #100, Minneapolis, MN 55427",Wayzata,+1763-541-0554,,http://legattdecorating.com/,https://www.google.com/maps/search/?api=1&query=Legatt+Decorating+Inc+Wayzata+MN,4.3,4,,,Painter,,,,4 reviews,,,ChIJadrEsqc1s1IRnvbXn7PMgS4
DESIGNER CONNECTED,Bath Remodeler,"130 Chicago Ave N, Wayzata, MN 55391",Wayzata,+1612-504-0521,,http://www.designerconnected.com/,https://www.google.com/maps/search/?api=1&query=DESIGNER+CONNECTED+Wayzata+MN,5,8,,,Bathroom remodeler,https://www.facebook.com/designerconnected,https://www.instagram.com/designerconnected,,8 reviews,,,ChIJJec9iSBNs1IRNkShyH4ZGV4
Black Dog Homes,Bath Remodeler,"1905 Wayzata Blvd E STE 105, Wayzata, MN 55391",Wayzata,+1763-308-5098,info@blackdoghomes.com,https://www.blackdoghomes.com/,https://www.google.com/maps/search/?api=1&query=Black+Dog+Homes+Wayzata+MN,4.8,11,,,Bathroom remodeler,https://www.facebook.com/blackdoghomes/,https://www.instagram.com/blackdoghomes/,https://www.linkedin.com/company/blackdoghomes,11 reviews,,,ChIJHya8VmBLs1IRuf4aFsRLONg
Revision LLC,Bath Remodeler,"153 Lake St E Suite 102, Wayzata, MN 55391",Wayzata,+1612-462-4000,info@stonewood.com,http://www.revisionmn.com/,https://www.google.com/maps/search/?api=1&query=Revision+LLC+Wayzata+MN,5,6,,,Bathroom remodeler,https://www.facebook.com/stonewoodhomes,https://www.instagram.com/stonewoodcustomhomes/,,6 reviews,hiring,,ChIJryTappNMs1IR4Dn7jlynkpw
battle brook builders,Bath Remodeler,,Wayzata,+1612-412-3430,email@email.com,https://www.battlebrookbuilders.com/,https://www.google.com/maps/search/?api=1&query=battle+brook+builders+Wayzata+MN,,,,,Bathroom remodeler,,,,,,,ChIJCXOJmkYaxk0RvNpkCAH09Bc
810 Builders,Bath Remodeler,"15528 Holdridge Rd E, Wayzata, MN 55391",Wayzata,+1612-743-5666,,,https://www.google.com/maps/search/?api=1&query=810+Builders+Wayzata+MN,,,,,Bathroom remodeler,,,,,,,ChIJD1Wsw0FLs1IRG1yl81JawSc
Excel Builders,Bath Remodeler,,Wayzata,+1612-281-4681,,https://www.excelbuildersmn.com/,https://www.google.com/maps/search/?api=1&query=Excel+Builders+Wayzata+MN,,,,,Bathroom remodeler,https://www.facebook.com/ExcelBuildersMN,https://www.instagram.com/excelbuildersmn/?hl=en,,,,,ChIJNZ3aetcxkqwRJZ7HgOc1UN0
Builder and Remodeler,Bath Remodeler,"125 Lake St W, Wayzata, MN 55391",Wayzata,+1952-686-8027,,https://www.builderandremodeler.com/,https://www.google.com/maps/search/?api=1&query=Builder+and+Remodeler+Wayzata+MN,5,2,,,Real estate agency,,,,2 reviews,,,ChIJgcviXGY1s1IRiZNRif2eha4
Neighborhood Building-Remodeling,Bath Remodeler,"10024 Minnetonka Blvd, Minnetonka, MN 55305",Wayzata,+1952-933-7673,,http://neighborhoodbuilding.com/,https://www.google.com/maps/search/?api=1&query=Neighborhood+Building-Remodeling+Wayzata+MN,4.7,17,,,Bathroom remodeler,,,,17 reviews,,,ChIJjbjCKwkg9ocRLZ-gP9X37bM
"MDS Remodeling, LLC",Bath Remodeler,"18285 Minnetonka Blvd Ste D, Wayzata, MN 55391",Wayzata,+1952-209-1582,,http://www.mdsremodeling.com/,"https://www.google.com/maps/search/?api=1&query=MDS+Remodeling,+LLC+Wayzata+MN",5,9,,,Contractor,https://www.facebook.com/mdsremodeling/,https://www.instagram.com/mdsremodeling,,9 reviews,,squarespace,ChIJzQdtjndNs1IR8GkgQa_rQgQ
Kuechle Construction Company,Bath Remodeler,"15500 9th Ave N, Minneapolis, MN 55447",Wayzata,+1763-210-8272,,http://www.kuechleconstruction.com/,https://www.google.com/maps/search/?api=1&query=Kuechle+Construction+Company+Wayzata+MN,4.3,4,,,Bathroom remodeler,,,,4 reviews,,,ChIJ4wECdKZLs1IRg1GTyo2qSIk
Shoreline Builders,Bath Remodeler,"339 Barry Ave S, Wayzata, MN 55391",Wayzata,+1763-506-0629,mitch@shorelinebuildersmn.com,http://www.shorelinebuildersmn.com/contact.cfm,https://www.google.com/maps/search/?api=1&query=Shoreline+Builders+Wayzata+MN,3,2,,,Contractor,http://www.facebook.com/pages/Wayzata-MN/Shoreline-Builders-Home-Renovation-Design/108872449132919?ref=ts,,,2 reviews,,,ChIJid-Pa5FMs1IRAoWnxdp9oR8
Aspire Design Showroom Gallery,Bath Remodeler,"845 Berkshire Ln N, Plymouth, MN 55441",Wayzata,+1952-988-5550,,https://www.aspiredsg.com/,https://www.google.com/maps/search/?api=1&query=Aspire+Design+Showroom+Gallery+Wayzata+MN,5,1,,,Bathroom remodeler,,,,1 reviews,hiring,,ChIJuZXzbFdKs1IRQS6f1F0AX9U
Boyer Building Corporation,Bath Remodeler,"3435 County Rd 101, Minnetonka, MN 55345",Wayzata,+1952-475-2097,,https://boyerbuilding.com/,https://www.google.com/maps/search/?api=1&query=Boyer+Building+Corporation+Wayzata+MN,4.8,21,,,Bathroom remodeler,,,,21 reviews,,,ChIJzYQJ2v0d9ocRSCyGdRP2op0
Personal Pride Construction,Bath Remodeler,"1200 Mendelssohn Ave N #202B, Golden Valley, MN 55427",Wayzata,+1763-363-4725,,https://www.personalprideconstruction.com/?utm_campaign=GoogleMyBusiness,https://www.google.com/maps/search/?api=1&query=Personal+Pride+Construction+Wayzata+MN,4.9,99,,,Deck builder,,,,99 reviews,,,ChIJsVaNCqQ1s1IRqtZ66Z7dICU
The Honey Do - Handyman,Bath Remodeler,"16505 Linden Dr, Minnetonka, MN 55345",Wayzata,+1612-341-3686,,https://www.thehoneydo-handyman.com/,https://www.google.com/maps/search/?api=1&query=The+Honey+Do+-+Handyman+Wayzata+MN,4.9,221,,,Bathroom remodeler,https://www.facebook.com/getthehoneydohandyman,https://www.instagram.com/the_honey_do_handyman/,,221 reviews,,,ChIJs1plNxAe9ocR3y6H54uoAK0
Bluestem Remodeling,Bath Remodeler,"6542 W Lake St, St Louis Park, MN 55426",Wayzata,+1952-926-0164,,http://www.bluestemremodeling.com/,https://www.google.com/maps/search/?api=1&query=Bluestem+Remodeling+Wayzata+MN,4.4,20,,,Bathroom remodeler,,,,20 reviews,,,ChIJcbKFJ5gg9ocRwiz44wsmxRg
Concept Home Renovation,Bath Remodeler,,Wayzata,+1651-895-7015,,https://www.conceptrenovationmn.com/,https://www.google.com/maps/search/?api=1&query=Concept+Home+Renovation+Wayzata+MN,5,5,,,Bathroom remodeler,,,,5 reviews,,,ChIJM-87b17IzokRHe69DwFjCfg
Jeff McCall Construction Co.,Bath Remodeler,"3603 Croftview Terrace, Minnetonka, MN 55345",Wayzata,+1612-718-4345,,http://www.mccall-construction.com/,https://www.google.com/maps/search/?api=1&query=Jeff+McCall+Construction+Co.+Wayzata+MN,3.8,4,,,Bathroom remodeler,,,,4 reviews,,,ChIJq5gDfOYd9ocRvNFuHaqCTNQ
Higgins Construction LLC,Bath Remodeler,"133 12th Ave N, Hopkins, MN 55343",Wayzata,+1612-991-9151,mhigg1026@aol.com,http://www.higginsconstructionllc.com/,https://www.google.com/maps/search/?api=1&query=Higgins+Construction+LLC+Wayzata+MN,4.6,10,,,Bathroom remodeler,,https://www.instagram.com/higginsconstruction/?hl=en,,10 reviews,,,ChIJq9wy9WM2s1IRuBWb6SZvJX0
Gardner Building and Remodeling,Bath Remodeler,,Wayzata,+1952-412-2877,,http://www.gardnerbldg.com/,https://www.google.com/maps/search/?api=1&query=Gardner+Building+and+Remodeling+Wayzata+MN,5,19,,,Bathroom remodeler,https://www.facebook.com/search/top?q=gardner%20building%20and%20remodeling,,,19 reviews,,,ChIJ-wDb5HM3s1IR0YIWkkNg8sU
Bloomingtons Bathroom Remodeling Contractors,Bath Remodeler,"1301 Louisiana Ave S, St Louis Park, MN 55426",Wayzata,+1952-666-4883,,,https://www.google.com/maps/search/?api=1&query=Bloomingtons+Bathroom+Remodeling+Contractors+Wayzata+MN,,,,,Contractor,,,,,,,ChIJxXaTDRw1s1IRsn1NgaNIKes
Edina Legacy Building and Remodeling,Bath Remodeler,,Wayzata,+1612-968-8642,,https://elmoreconstructionmn.com/,https://www.google.com/maps/search/?api=1&query=Edina+Legacy+Building+and+Remodeling+Wayzata+MN,5,9,,,Remodeler,,,,9 reviews,,,ChIJ8661DVgh9ocR_8-XSlCKd2Q
DiGiacomo Homes Inc,Bath Remodeler,,Wayzata,+1612-710-7900,710-7900info@designbuildmn.comCreated,https://www.designbuildmn.com/,https://www.google.com/maps/search/?api=1&query=DiGiacomo+Homes+Inc+Wayzata+MN,5,7,,,Remodeler,https://www.facebook.com/DiGHomes/?eid=ARBSYScXUQrg0AKSZK6t_XCg_mGHShsHZZu7Zkwfs96HvkT154eE961V8ATzG,https://www.instagram.com/digiacomohomes/,,7 reviews,,,ChIJu7ouRoNKs1IRjHKLx5x8VcI
Garvin Homes,Bath Remodeler,,Wayzata,+1612-770-7554,7554info@garvinhomes.com,https://garvinhomes.com/,https://www.google.com/maps/search/?api=1&query=Garvin+Homes+Wayzata+MN,5,10,6,,Bathroom remodeler,https://www.facebook.com/garvinhomesmn,https://www.instagram.com/garvinhomes/,,10 reviews,,,ChIJmSjxzF41s1IRnzMnX1n_BmU
Shearer Carpentry,Bath Remodeler,"14322 21st Ave N, Plymouth, MN 55447",Wayzata,+1763-245-3755,shearercarpentry@gmail.com,https://www.shearercarpentryinc.com/,https://www.google.com/maps/search/?api=1&query=Shearer+Carpentry+Wayzata+MN,4.7,12,,,Remodeler,https://www.facebook.com/shearercarpentry/,,,12 reviews,,,ChIJKTQ8PQRzs1IRb-2K9xtz4M4
SPS Kitchen and Bath Showroom,Bath Remodeler,"6363 MN-7, Minneapolis, MN 55416",Wayzata,+1952-920-1460,,https://www.spsshowrooms.com/,https://www.google.com/maps/search/?api=1&query=SPS+Kitchen+and+Bath+Showroom+Wayzata+MN,5,1,,,Kitchen remodeler,https://www.facebook.com/russellhardware.1910/,,,1 reviews,,,ChIJE6wr8q4g9ocRKR8F3a9SoGs
Minneapolis Bathtubs and sinks refinishing,Bath Remodeler,,Wayzata,+1612-249-8911,,http://minneapolistubrefinishing.com/,https://www.google.com/maps/search/?api=1&query=Minneapolis+Bathtubs+and+sinks+refinishing+Wayzata+MN,5,4,,,Bathroom remodeler,,,,4 reviews,,,ChIJCWM5vHFJs1IR9zAsG7KhgN8
Concept 33 Inc.,Bath Remodeler,,Wayzata,+1651-226-1466,,http://concept33inc.com/,https://www.google.com/maps/search/?api=1&query=Concept+33+Inc.+Wayzata+MN,5,9,,,Construction company,,,,9 reviews,,,ChIJA-QCg88f9ocRYhE-RS-ylB0
Ace Handyman Services Twin Cities,Painter,,Eden Prairie,,,,https://www.google.com/maps/search/?api=1&query=Ace+Handyman+Services+Twin+Cities+Eden Prairie+MN,4.9,361,,,,,,,361 reviews,,,Ace Handyman Services Twin Cities
CertaPro Painters of SW Metro,Painter,,Eden Prairie,,,,https://www.google.com/maps/search/?api=1&query=CertaPro+Painters+of+SW+Metro+Eden Prairie+MN,4.8,150,,,,,,,150 reviews,,,CertaPro Painters of SW Metro
Fresh Coat Painters of Eden Prairie,Painter,,Eden Prairie,+1612-260-3905,,https://www.freshcoatpainters.com/eden-prairie/,https://www.google.com/maps/search/?api=1&query=Fresh+Coat+Painters+of+Eden+Prairie+Eden Prairie+MN,4.7,66,,,Painter,https://www.facebook.com/FCPEdenPrairie/,https://www.instagram.com/freshcoatpainters/,,66 reviews,hiring,,ChIJ1S5So4oi9ocR2zvZEy5Mh3o
Next Painting Services,Painter,"14854 Scenic Heights Rd, Eden Prairie, MN 55344",Eden Prairie,+1952-592-7493,,https://sites.google.com/view/nextpaintingservices/home,https://www.google.com/maps/search/?api=1&query=Next+Painting+Services+Eden Prairie+MN,5,6,,,Painting,,,,6 reviews,,,ChIJfxBjNgAZ9ocRGMpH2m-TNdE
Thunder Bear Painting,Painter,"9100 Riley Lake Rd, Eden Prairie, MN 55347",Eden Prairie,+1952-564-7286,info@thunderbearpainting.com,http://www.thunderbearpainting.com/,https://www.google.com/maps/search/?api=1&query=Thunder+Bear+Painting+Eden Prairie+MN,5,52,,,Painter,https://www.facebook.com/profile.php?id=100089620208741,https://www.instagram.com/thunder_bear_painting/,,52 reviews,hiring,,ChIJKVj4NuQb9ocReInnna_8r7s
"Woodland Painting, Inc.",Painter,"574 Prairie Center Dr # 135, Eden Prairie, MN 55344",Eden Prairie,+1952-476-4030,,http://woodlandpainting.com/,"https://www.google.com/maps/search/?api=1&query=Woodland+Painting,+Inc.+Eden Prairie+MN",5,53,,,Painter,,,,53 reviews,,,ChIJOWUFfZcY9ocRjJlipc3utoU
JMJ Painters,Painter,"800 Pleasantview Rd, Chanhassen, MN 55317",Eden Prairie,+1612-255-3351,,https://jmjpainters.com/,https://www.google.com/maps/search/?api=1&query=JMJ+Painters+Eden Prairie+MN,4.8,111,6,,Painter,,,,111 reviews,,,ChIJUVCxPT8b9ocR89-AUMdjfVo
CertaPro Painters of SW Metro,Painter,"7220 Washington Ave S, Eden Prairie, MN 55344",Eden Prairie,+1952-228-9909,,https://certapro.com/southwestmetro/landing-page/residential-gbp-landing/?utm_source=google&utm_medium=organic&utm_campaign=gbp_landing,https://www.google.com/maps/search/?api=1&query=CertaPro+Painters+of+SW+Metro+Eden Prairie+MN,4.8,150,,,Painter,https://facebook.com/CertaPro-Painters-Southwest-Metro-445041262246242/,,,150 reviews,hiring,,ChIJ3YATziEi9ocRoZVy_pYidZU
Roell Painting Company,Painter,"7301 Penn Ave S, Minneapolis, MN 55423",Eden Prairie,+1763-559-5296,,https://www.roellpainting.com/,https://www.google.com/maps/search/?api=1&query=Roell+Painting+Company+Eden Prairie+MN,4.9,367,24,,Painter,https://www.facebook.com/RoellPainting?ref=ts,https://www.instagram.com/explore/locations/261482685908/roell-painting-company/,https://www.linkedin.com/company/roell-painting-inc,367 reviews,hiring,,ChIJuyye8PJJs1IRteO8NRXxE1g
JMS Premier Painting,Painter,"16815 Schooner Trl, Eden Prairie, MN 55347",Eden Prairie,+1952-994-9655,,http://www.jmspremierpainting.com/,https://www.google.com/maps/search/?api=1&query=JMS+Premier+Painting+Eden Prairie+MN,5,17,23,,Painter,https://www.facebook.com/JMS-Premier-Painting-103918684806651/?modal=admin_todo_tour,https://www.instagram.com/jmspremier/,,17 reviews,,,ChIJHa11DK0Z9ocR04FTlNzasAU
Superior Painting Contractors,Painter,"715 Chippewa Cir, Chanhassen, MN 55317",Eden Prairie,+1612-990-8423,,https://www.superior-painting.com/,https://www.google.com/maps/search/?api=1&query=Superior+Painting+Contractors+Eden Prairie+MN,5,28,,,Painter,https://www.facebook.com/superiorpaintingcontractors/,,,28 reviews,,,ChIJDauGJ00c9ocRsMk7gC2B03Y
Maki Painting & Maintenance,Painter,"4825 West Ln, Minnetonka, MN 55345",Eden Prairie,+1763-528-8872,TuckerMaki@yahoo.comCall,http://www.makipainting.com/,https://www.google.com/maps/search/?api=1&query=Maki+Painting+&+Maintenance+Eden Prairie+MN,5,136,,,Painter,,https://www.instagram.com/maki_painting/?hl=en,,136 reviews,hiring,,ChIJF_vtTwZJs1IRmhNoCU3CoEQ
Metro Precision Painting,Painter,"5800 American Blvd W Apt 235, Bloomington, MN 55437",Eden Prairie,+1612-235-3434,,http://metroprecisionpainting.com/,https://www.google.com/maps/search/?api=1&query=Metro+Precision+Painting+Eden Prairie+MN,5,29,,,Painter,,,,29 reviews,,,ChIJM9t2Htkj9ocRBJE18KV9oY0
willis & scott painter pros,Painter,"16526 W 78th St, Eden Prairie, MN 55346",Eden Prairie,+1833-977-2468,,http://wspaintingservices.com/contact-us/,https://www.google.com/maps/search/?api=1&query=willis+&+scott+painter+pros+Eden Prairie+MN,,,,,Painter,,,,,,,ChIJSws4cU8Z9ocRZeazSCBgAzU
Brush Pro Painting,Painter,,Eden Prairie,+1952-994-9493,BrushProMN@Gmail.comProfessional,http://www.brushpropainting.net/,https://www.google.com/maps/search/?api=1&query=Brush+Pro+Painting+Eden Prairie+MN,4.8,16,,,Painter,,,,16 reviews,,,ChIJAQAAALAZ9ocR0DfSadzDBZM
Metro Painting & Decorating,Painter,"7226 Muirfield Ln, Eden Prairie, MN 55346",Eden Prairie,+1952-934-0387,,,https://www.google.com/maps/search/?api=1&query=Metro+Painting+&+Decorating+Eden Prairie+MN,4,4,,,Painter,,,,4 reviews,,,ChIJFSAR8AAc9ocRwZv8LSbJygU
Top Priority Painting,Painter,,Eden Prairie,+1612-807-5434,USAOffice@topprioritypainting.com,https://www.topprioritypainting.com/,https://www.google.com/maps/search/?api=1&query=Top+Priority+Painting+Eden Prairie+MN,5,64,,,Painter,https://www.facebook.com/topprioritypaintingmn/,https://www.instagram.com/top_priority_painting_llc/,,64 reviews,,,ChIJm9W_jy8Z9ocRVX_tCC8xPpw
BLUE Painting,Painter,"1620 W 98th St #280, Bloomington, MN 55431",Eden Prairie,+1952-395-6009,hello@bluepainting.com,https://bluepainting.com/?utm_source=google&utm_medium=organic&utm_campaign=gmb,https://www.google.com/maps/search/?api=1&query=BLUE+Painting+Eden Prairie+MN,4.5,198,,,Painter,https://www.facebook.com/bluepaintingco,https://www.instagram.com/bluepaintingco/,,198 reviews,hiring,,ChIJ5Z8ehv859ocRJdp5fQHymz8
AW Painting,Painter,"511 7th Ave E, Shakopee, MN 55379",Eden Prairie,+1612-227-0733,,http://www.awpaintingllc.com/,https://www.google.com/maps/search/?api=1&query=AW+Painting+Eden Prairie+MN,4.7,15,,,Painter,https://www.facebook.com/awpainting2018/photos/?ref=page_internal,,,15 reviews,,,ChIJq6rmNZY79ocRygLy2YHrwXc
Precision House Painting,Painter,"16700 Valley View Rd, Eden Prairie, MN 55346",Eden Prairie,+1952-248-8980,,https://sites.google.com/view/precisionhousepainting/home,https://www.google.com/maps/search/?api=1&query=Precision+House+Painting+Eden Prairie+MN,5,7,,,Painting,,,,7 reviews,,,ChIJKagAHAAZ9ocRYeqqHB1TdbY
Villa's Pro Painting LLC,Painter,"8951 Goodrich Rd, Bloomington, MN 55437",Eden Prairie,+1763-363-3089,,https://villaspropaintingservices.com/,https://www.google.com/maps/search/?api=1&query=Villa's+Pro+Painting+LLC+Eden Prairie+MN,4.8,78,,,Painter,,,,78 reviews,,,ChIJu0FHu_Ml9ocRpF1qwelJ-_A
Tenet Painting,Painter,"7677 Washington Ave S, Edina, MN 55439",Eden Prairie,+1952-914-9550,,http://www.tenetpainting.com/,https://www.google.com/maps/search/?api=1&query=Tenet+Painting+Eden Prairie+MN,5,4,,,Painter,,,,4 reviews,,,ChIJNXLeAx4i9ocRVl3pKnelczU
Preserve Painting Inc,Painter,"6125 Eden Prairie Rd, Minnetonka, MN 55345",Eden Prairie,+1952-934-0934,,http://www.preserve-painting.com/,https://www.google.com/maps/search/?api=1&query=Preserve+Painting+Inc+Eden Prairie+MN,3.3,4,,,Painter,,,,4 reviews,,,ChIJgRmc6-ce9ocRXJjWCVDkaG4
Dynamic Painting,Painter,,Eden Prairie,+1952-217-7324,,,https://www.google.com/maps/search/?api=1&query=Dynamic+Painting+Eden Prairie+MN,4.4,7,,,Painter,,,,7 reviews,,,ChIJ9STlLBj6UoURT3fq0bxcE2A
Nate's Painting LLC,Painter,"5201 Eden Ave Suite 300 - #7345, Edina, MN 55436",Eden Prairie,+1612-224-1565,,https://natespaintingllc.com/,https://www.google.com/maps/search/?api=1&query=Nate's+Painting+LLC+Eden Prairie+MN,5,19,,,Painter,,,,19 reviews,,,ChIJA9b9Gy8h9ocRGNEV-RlfoeI
Varsity Painters,Painter,"5416 Chicago Ave, Minneapolis, MN 55417",Eden Prairie,+1952-938-3886,info@varsitypainters.com,https://www.varsitypainters.com/,https://www.google.com/maps/search/?api=1&query=Varsity+Painters+Eden Prairie+MN,4.9,90,30,,Painter,,,,90 reviews,,,ChIJ6XfsZCYm9ocRriRSXIyLrpo
Alex Detail Painting,Painter,"15819 N Eden Dr, Eden Prairie, MN 55346",Eden Prairie,+1612-223-2847,,,https://www.google.com/maps/search/?api=1&query=Alex+Detail+Painting+Eden Prairie+MN,5,4,,,Painter,,,,4 reviews,,,ChIJM3ifONof9ocRTbI5ziQbIts
WOW 1 DAY PAINTING Minneapolis,Painter,"1103 Cliff Rd E, Burnsville, MN 55337",Eden Prairie,+1855-398-8590,,https://www.wow1day.com/locations/house-painting-minneapolis/?utm_source=googleplus&utm_medium=maps&utm_campaign=gmb,https://www.google.com/maps/search/?api=1&query=WOW+1+DAY+PAINTING+Minneapolis+Eden Prairie+MN,4.8,281,,,Painter,https://www.facebook.com/wow1daypainting,https://www.instagram.com/wow1daypainting/?hl=en,https://www.linkedin.com/company/wow-1-day-painting/,281 reviews,,,ChIJV19N5_IW9ocRu9eMKJctrS8
"CertaPro Painters of Minneapolis South & St Louis Park, MN",Painter,"7333 Gallagher Dr Suite # 139, Edina, MN 55435",Eden Prairie,+1612-760-5344,,https://certapro.com/minneapolis-south/landing-page/residential-gbp/?utm_source=google&utm_medium=organic&utm_campaign=gbp_landing,"https://www.google.com/maps/search/?api=1&query=CertaPro+Painters+of+Minneapolis+South+&+St+Louis+Park,+MN+Eden Prairie+MN",4.8,162,,,Painter,,,,162 reviews,,,ChIJ3WkL_QQk9ocRszaSEvzDkq0
Edina Painting Company,Painter,"6063 James Ave S, Minneapolis, MN 55419",Eden Prairie,+1612-987-4010,,https://www.edinapainting.com/,https://www.google.com/maps/search/?api=1&query=Edina+Painting+Company+Eden Prairie+MN,4.6,29,,,Painter,https://www.facebook.com/pages/Edina-Painting-Company/96541531631?rf=153664724669603,,,29 reviews,,,ChIJaY9ZfWok9ocRO4Ey11Z4tXY
Austin's Painting and Decorating,Painter,"7120 Shady Oak Rd, Eden Prairie, MN 55344",Eden Prairie,+1952-204-3922,Bids@AustinsPaintingandDecorating.comAustin,https://austinspaintinganddecorating.com/contact-us,https://www.google.com/maps/search/?api=1&query=Austin's+Painting+and+Decorating+Eden Prairie+MN,3,2,,,Painter,,,,2 reviews,,,ChIJ2a2e4B0i9ocRBGOTkjOk9_E
Hackey Painting Co.,Painter,"21195 Minnetonka Blvd suite 127, Shorewood, MN 55331",Eden Prairie,+1612-799-2170,info@hackeypainting.combottom,http://hackeypainting.com/,https://www.google.com/maps/search/?api=1&query=Hackey+Painting+Co.+Eden Prairie+MN,4.7,21,,,Painter,http://facebook.com/HackeyPaintingCo,https://www.instagram.com/HackeyPaintingCo,,21 reviews,,,ChIJVZFzeo_EeGMRySUmw0QOAic
Refresh Painting,Painter,"7820 Terrey Pine Ct #80, Eden Prairie, MN 55347",Eden Prairie,+1612-324-7663,,https://www.refreshpaintingmn.com/?utm_source=google&utm_medium=wix_google_business_profile&utm_campaign=4954933037756230486,https://www.google.com/maps/search/?api=1&query=Refresh+Painting+Eden Prairie+MN,5,1,,,Painting,http://www.facebook.com/wix,,,1 reviews,,,ChIJ-XBHvI0Z9ocRApFaXAZB0cA
Classic Home Painting,Painter,"7455 France Ave S, Edina, MN 55435",Eden Prairie,+1612-564-3950,,http://www.classichomepainting.com/,https://www.google.com/maps/search/?api=1&query=Classic+Home+Painting+Eden Prairie+MN,4.9,22,,,Painter,,,,22 reviews,,,ChIJgx5vghok9ocRyOzQgu4fWJM
William Nunn Painting,Painter,"15 Lakeview Ave, Excelsior, MN 55331",Eden Prairie,+1612-825-3875,,https://www.williamnunnpainting.com/,https://www.google.com/maps/search/?api=1&query=William+Nunn+Painting+Eden Prairie+MN,4.5,2,,,Painter,,,,2 reviews,hiring,wordpress,ChIJ0-nEnjId9ocROLG6hAPNLkw
Pro City Painters,Painter,"9124 Grand Ave S #102, Bloomington, MN 55420",Eden Prairie,+1612-852-5119,,https://www.procitypainters.com/,https://www.google.com/maps/search/?api=1&query=Pro+City+Painters+Eden Prairie+MN,4.7,23,,,Painter,http://www.facebook.com/10161660189810323,http://instagram.com/procitypaintersllc,,23 reviews,,,ChIJL1Tzz98n9ocRO-KCjSt6ZGw
Revel Painting,Painter,"13760 Candice Ln, Eden Prairie, MN 55346",Eden Prairie,+1952-495-2957,,https://revel-painting.com/service-area/eden-prairie-mn,https://www.google.com/maps/search/?api=1&query=Revel+Painting+Eden Prairie+MN,,,,,Painter,,,,,,,ChIJOQ9L3_Ef9ocRNaSxRk_H0sg
"KD Painting, Inc.",Painter,"7612 Auto Club Cir, Bloomington, MN 55438",Eden Prairie,+1612-670-1175,kris@kdpainting.com,http://www.kdpainting.com/,"https://www.google.com/maps/search/?api=1&query=KD+Painting,+Inc.+Eden Prairie+MN",4.9,10,,,Painter,https://www.facebook.com/pages/KD-Painting/52315458212,,,10 reviews,,,ChIJOV3XWmEk9ocRYdsb9aDT_f8
A & A LLC,Painter,"7887 Fuller Rd #115, Eden Prairie, MN 55344",Eden Prairie,+1952-847-0500,les@aa4help.com,http://www.aa4help.com/,https://www.google.com/maps/search/?api=1&query=A+&+A+LLC+Eden Prairie+MN,4.8,52,,,Fire damage restoration service,https://www.facebook.com/pages/A-A-PropertyRestoration/ 625901690809165,,,52 reviews,,,ChIJuXQSVQYc9ocRw2-UNEDLMqk
"360 Wall Systems, Inc",Painter,"7975 Wallace Rd, Eden Prairie, MN 55344",Eden Prairie,+1651-633-7000,,http://360wallsystems.com/,"https://www.google.com/maps/search/?api=1&query=360+Wall+Systems,+Inc+Eden Prairie+MN",4.8,6,,,Construction company,,,,6 reviews,hiring,,ChIJwQjC_CIf9ocRY9MfUa4ort8
DANCO Commercial Painters Inc.,Painter,"4275 Creek Rd, Chaska, MN 55318",Eden Prairie,+1612-598-3864,office@commercialpaintersmn.com,https://www.commercialpaintersmn.com/,https://www.google.com/maps/search/?api=1&query=DANCO+Commercial+Painters+Inc.+Eden Prairie+MN,4.8,35,,,Painter,https://www.facebook.com/DANCOCommercialPainters/,https://www.instagram.com/danco_commercial_painters,,35 reviews,,,ChIJ-bOKYIQF9ocRYixom7HIX08
Spectrum Painting Plus LLC,Painter,,Eden Prairie,+1952-994-9688,,https://spectrum-painting-plus.com/,https://www.google.com/maps/search/?api=1&query=Spectrum+Painting+Plus+LLC+Eden Prairie+MN,5,10,14,,Painter,https://www.facebook.com/Spectrum-Painting-Plus-113250916791623/,,,10 reviews,,,ChIJS6GcpvU99ocRl5HAYPosAl0
Grant's Precision Painting LLC,Painter,"5900 Covington Ct, Minnetonka, MN 55345",Eden Prairie,+1612-860-8102,,,https://www.google.com/maps/search/?api=1&query=Grant's+Precision+Painting+LLC+Eden Prairie+MN,4.5,4,,,Painter,,,,4 reviews,,,ChIJc0z8Wycc9ocRPGyJVHLSNa8
ALP Painting Corporation,Painter,"14901 Williams Ln, Minnetonka, MN 55345",Eden Prairie,+1763-639-6522,,,https://www.google.com/maps/search/?api=1&query=ALP+Painting+Corporation+Eden Prairie+MN,5,1,,,Painter,,,,1 reviews,,,ChIJk-hVprp3s1IRePC_TY9nv0s
IP Innovation Painting LLC,Painter,"7975 Stone Creek Dr, Chanhassen, MN 55317",Eden Prairie,+1612-462-5665,Innovationpaintingmn@gmail.com,http://www.ipinnovationpainting.com/,https://www.google.com/maps/search/?api=1&query=IP+Innovation+Painting+LLC+Eden Prairie+MN,5,23,,,Painter,https://www.facebook.com/ipinnovationpainting.ip,https://www.instagram.com/p/DO7cLSbDGqv/,,23 reviews,,,ChIJZ5lV804Z9ocRzjpX0yuWrGg
Five Star Painting of SW Minneapolis,Painter,,Eden Prairie,+1612-449-0024,,https://www.fivestarpainting.com/sw-minneapolis/?cid=LSTL_FSP-US000189,https://www.google.com/maps/search/?api=1&query=Five+Star+Painting+of+SW+Minneapolis+Eden Prairie+MN,4.5,73,,,Painter,,,,73 reviews,hiring,,ChIJc8GK8BAn9ocRO_NuN5A8tzU
Built To Perfection LLC,Bath Remodeler,"8181 Curtis Ln, Eden Prairie, MN 55347",Eden Prairie,+1612-868-9099,,http://www.builttoperfectionllc.com/,https://www.google.com/maps/search/?api=1&query=Built+To+Perfection+LLC+Eden Prairie+MN,5,7,,,Bathroom remodeler,https://www.facebook.com/builttoperfectionllc,,,7 reviews,,,ChIJwwE_7UIZ9ocRiDy9rKpU2Dw
Your Home Improvement Company - Windows & Bath,Bath Remodeler,"9555 James Ave S Suite #250, Bloomington, MN 55431",Eden Prairie,+1952-522-3088,,https://www.yourhomeimprovementco.com/,https://www.google.com/maps/search/?api=1&query=Your+Home+Improvement+Company+-+Windows+&+Bath+Eden Prairie+MN,4.7,566,20,,Bathroom remodeler,https://www.facebook.com/YourHomeImprovementCo/,https://www.instagram.com/yourhomeimprovementco/,,566 reviews,hiring,,ChIJ-3u8lDEx9ocRNS_TjRaQK10
ShJ BROTHERS LLC (Expert Tile Installation & Remodeling),Bath Remodeler,"19050 Stratford Rd, Minnetonka, MN 55345",Eden Prairie,+1651-231-3333,,https://www.shjbrothers.com/,https://www.google.com/maps/search/?api=1&query=ShJ+BROTHERS+LLC+(Expert+Tile+Installation+&+Remodeling)+Eden Prairie+MN,4.8,44,,,Bathroom remodeler,,https://www.instagram.com/shjbrothers?igshid=OGQ5ZDc2ODk2ZA%3D%3D,,44 reviews,,,ChIJCdjDk0Yd9ocRMxdylljQEB8
Murphy Bros. Design | Build | Remodel,Bath Remodeler,"1330 Park Rd, Chanhassen, MN 55317",Eden Prairie,+1763-780-3262,,http://www.mbros.com/,https://www.google.com/maps/search/?api=1&query=Murphy+Bros.+Design+|+Build+|+Remodel+Eden Prairie+MN,4.8,30,,,Bathroom remodeler,,,,30 reviews,,,ChIJyccIMG8b9ocReAVS-HdqXWA
Iron & Oak,Bath Remodeler,"6971 Washington Ave S, Edina, MN 55439",Eden Prairie,+1612-735-0878,,https://ironoakmn.com/,https://www.google.com/maps/search/?api=1&query=Iron+&+Oak+Eden Prairie+MN,4.9,56,,,General contractor,https://www.facebook.com/Ironoakmn/,https://www.instagram.com/ironoakmn/?hl=en,,56 reviews,,,ChIJVVXlb8U29ocRb8Z_B9PKOvg
"Webster Home Remodeling, LLC",Bath Remodeler,"8417 W 101st St Cir, Bloomington, MN 55438",Eden Prairie,+1952-239-4880,nick@websterhomeremodeling.com,http://www.websterhomeremodeling.com/,"https://www.google.com/maps/search/?api=1&query=Webster+Home+Remodeling,+LLC+Eden Prairie+MN",5,15,,,Bathroom remodeler,,,,15 reviews,,squarespace,ChIJsRvS8vOn4moRihQ10t1czz8
US Bath Systems,Bath Remodeler,"7300 Washington Ave, Eden Prairie, MN 55344",Eden Prairie,+1952-529-3222,,,https://www.google.com/maps/search/?api=1&query=US+Bath+Systems+Eden Prairie+MN,3.4,52,,,Bathroom remodeler,,,,52 reviews,,,ChIJdUYNkO469ocRGjRwSVm-9NU
"Bath Tune-Up Bloomington, MN",Bath Remodeler,"9605 Girard Ave S, Bloomington, MN 55431",Eden Prairie,+1763-330-0663,kay.sharaf@bathtune-up.com,https://bathtune-up.com/bloomington-mn/,"https://www.google.com/maps/search/?api=1&query=Bath+Tune-Up+Bloomington,+MN+Eden Prairie+MN",5,19,,,Bathroom remodeler,https://www.facebook.com/BTUBloomingtonMN,https://www.instagram.com/bathtuneup/,https://www.linkedin.com/company/bath-tune-up/,19 reviews,,,ChIJXYOv9ncl9ocRGzt-lzdVzCY
Xpres Kitchen & Bath,Bath Remodeler,"6270 Bury Dr, Eden Prairie, MN 55346",Eden Prairie,+1763-392-0111,,http://www.xpresco.com/,https://www.google.com/maps/search/?api=1&query=Xpres+Kitchen+&+Bath+Eden Prairie+MN,,,,,Bathroom remodeler,https://www.facebook.com/xpreskitchenandbath/,,,,,,ChIJ8TBkrnUf9ocRBMGNSLPcpnM
New Spaces Design-Build Remodeling,Bath Remodeler,"200 Southdale Ctr #2C, Minneapolis, MN 55435",Eden Prairie,+1952-715-6972,,https://www.newspaces.com/locations/edina,https://www.google.com/maps/search/?api=1&query=New+Spaces+Design-Build+Remodeling+Eden Prairie+MN,4.8,15,,,Bathroom remodeler,https://www.facebook.com/NewSpaces/,https://www.instagram.com/newspaces_designbuild/?hl=en,,15 reviews,hiring,,ChIJdfSks1wl9ocR4TXK8odAfQc
Dreaming Big LLC Kitchens and Bath,Bath Remodeler,"6385 Old Shady Oak Rd Suite 266, Eden Prairie, MN 55344",Eden Prairie,+1612-355-7011,,https://www.dreamingbigbk.com/,https://www.google.com/maps/search/?api=1&query=Dreaming+Big+LLC+Kitchens+and+Bath+Eden Prairie+MN,,,,,Bathroom remodeler,,,,,,,ChIJO22QmWAf9ocRTC4hRAMmFQ0
Scala Design & Construction Services Inc,Bath Remodeler,,Eden Prairie,+1952-913-3294,,https://www.scaladesign-construction.com/,https://www.google.com/maps/search/?api=1&query=Scala+Design+&+Construction+Services+Inc+Eden Prairie+MN,5,20,,,Bathroom remodeler,https://www.facebook.com/Scaladesing1,https://www.instagram.com/scaladesign1,,20 reviews,,,ChIJRyh0TKYE9ocRG-rTR-Iv_LA
"Ruffner Remodeling & Repair, LLC",Bath Remodeler,,Eden Prairie,+1612-867-1073,RuffnerRemodeling@gmail.com,https://www.ruffnerremodeling.com/,"https://www.google.com/maps/search/?api=1&query=Ruffner+Remodeling+&+Repair,+LLC+Eden Prairie+MN",4.9,19,,,Bathroom remodeler,http://www.facebook.com/RuffnerRemodeling,,,19 reviews,hiring,,ChIJyRF630Am9ocR76X6iMZwfN8
M General Contractors,Bath Remodeler,"3209 W 76th St Unit 301, Edina, MN 55435",Eden Prairie,+1612-217-2334,info@mgencon.com,http://www.mgencon.com/,https://www.google.com/maps/search/?api=1&query=M+General+Contractors+Eden Prairie+MN,4.4,14,,,Bathroom remodeler,,https://www.instagram.com/m_gen_con/,https://www.linkedin.com/company/m-general-contractors/,14 reviews,,,ChIJP4w-LUUl9ocR72hO1pXbULE
MJB Construction,Bath Remodeler,,Eden Prairie,+1952-212-2953,,http://mjbconstructionmn.com/,https://www.google.com/maps/search/?api=1&query=MJB+Construction+Eden Prairie+MN,5,14,,,Bathroom remodeler,,https://www.instagram.com/p/DNgGuWBNs3_/,,14 reviews,hiring,wordpress,ChIJhQC9LQkl9ocR73u6_fTsTiQ
Iron River Construction,Bath Remodeler,"586 Bavaria Ln, Chaska, MN 55318",Eden Prairie,+1952-442-1762,,https://ironriverco.com/?utm_source=GMBlisting&utm_medium=organic,https://www.google.com/maps/search/?api=1&query=Iron+River+Construction+Eden Prairie+MN,4.8,208,,,Bathroom remodeler,,,,208 reviews,,,ChIJY9XGlXEF9ocRfFUipkRmvzw
Affinity Design & Remodeling,Bath Remodeler,,Eden Prairie,+1952-797-6543,info@adr-mn.com,https://www.adr-mn.com/?utm_source=google&utm_medium=wix_google_business_profile&utm_campaign=4914799120840732409,https://www.google.com/maps/search/?api=1&query=Affinity+Design+&+Remodeling+Eden Prairie+MN,5,2,,,Bathroom remodeler,,,,2 reviews,,,ChIJie4eUR2IdSwR8ZZ5bDi2MMY
Pro City Building & Remodeling,Bath Remodeler,"9124 Grand Ave S #102, Bloomington, MN 55420",Eden Prairie,+1612-852-5119,,http://www.procitymn.com/,https://www.google.com/maps/search/?api=1&query=Pro+City+Building+&+Remodeling+Eden Prairie+MN,4.9,17,,,Bathroom remodeler,http://www.facebook.com/procitybuildingandremodeling,http://instagram.com/procitybuilding,,17 reviews,,,ChIJH8BaeqUts1IRZ0pV-rzpfAs
"MCC Kitchen, Bath & Closet Remodeling",Bath Remodeler,"8559-A Lyndale Ave S, Bloomington, MN 55420",Eden Prairie,+1952-564-9118,,https://www.minneapoliscontractorschoice.com/,"https://www.google.com/maps/search/?api=1&query=MCC+Kitchen,+Bath+&+Closet+Remodeling+Eden Prairie+MN",4.8,39,,,Bathroom remodeler,https://www.google.com/url?q=https%3A%2F%2Fwww.facebook.com%2FMinneapolisContractorsChoice%2F&sa=D&sntz=1&usg=AOvVaw1sR12ydVrnQlV1uxTyqytd,https://www.google.com/url?q=https%3A%2F%2Fwww.instagram.com%2Fminneapoliscontractorschoice%2F&sa=D&sntz=1&usg=AOvVaw3M3oL47WNqgdX5tdvrhdPP,,39 reviews,,,ChIJ59I7zuUk9ocRCTtJ7zBb6XU
Domination Renovation LLC,Bath Remodeler,,Eden Prairie,+1612-703-9262,,http://dominationrenovation.com/?utm_source=gmb&utm_medium=referral,https://www.google.com/maps/search/?api=1&query=Domination+Renovation+LLC+Eden Prairie+MN,5,5,,,Bathroom remodeler,,,,5 reviews,,,ChIJNYCezN98FUcRF1qCpnjNjXo
Metro Remodeling MN,Bath Remodeler,"121 16th Ave N, Hopkins, MN 55343",Eden Prairie,+1952-292-7035,nick@metroremodelingmn.com,https://www.metroremodelingmn.com/,https://www.google.com/maps/search/?api=1&query=Metro+Remodeling+MN+Eden Prairie+MN,5,5,,,Contractor,,,,5 reviews,,,ChIJVVWBdIof9ocRw8wv2Kpf5hs
FBC Remodel,Bath Remodeler,"5600 Excelsior Blvd, St Louis Park, MN 55416",Eden Prairie,+1651-413-9286,,https://fbcremodel.com/,https://www.google.com/maps/search/?api=1&query=FBC+Remodel+Eden Prairie+MN,4.7,120,,,Bathroom remodeler,https://www.facebook.com/fbcremodel,https://www.instagram.com/fbcremodel/,,120 reviews,hiring,,ChIJay4HDfo3s1IR8uKRN6gAoXA
Tub Revive,Bath Remodeler,,Eden Prairie,+1612-361-9507,Info@tubrevive.net,https://tubrevive.net/,https://www.google.com/maps/search/?api=1&query=Tub+Revive+Eden Prairie+MN,5,2,,,Bathroom remodeler,,https://www.instagram.com/tubrevive_/?hl=en,,2 reviews,,,ChIJGZBCHMKiTaYR5iNvLDAMP-M
Haven Builders,Bath Remodeler,"10140 W 76th St, Eden Prairie, MN 55344",Eden Prairie,+1651-300-9711,,http://www.havenbuildersmn.com/,https://www.google.com/maps/search/?api=1&query=Haven+Builders+Eden Prairie+MN,4.7,101,,,Bathroom remodeler,https://www.facebook.com/havenbuildersmn/,https://www.instagram.com/havenbuildersmn/,,101 reviews,,,ChIJG4sM8GI1s1IRMUMcX-DqxYg
Blackwood Construction LLC,Bath Remodeler,"6244 Country Rd, Eden Prairie, MN 55346",Eden Prairie,+1612-590-6286,,,https://www.google.com/maps/search/?api=1&query=Blackwood+Construction+LLC+Eden Prairie+MN,5,2,,,Bathroom remodeler,,,,2 reviews,,,ChIJCzihYiwa9ocREuo-mMTCDAA
Satoree,Bath Remodeler,"5808 W 36th St Unit B, St Louis Park, MN 55416",Eden Prairie,+1612-823-0022,,https://satoreekb.com/,https://www.google.com/maps/search/?api=1&query=Satoree+Eden Prairie+MN,5,79,,,Bathroom supply store,,,,79 reviews,,,ChIJWVjpu34n9ocRkMs3GkdmSNo
I&S Contracting LLC.,Bath Remodeler,"810 3rd Ave E, Shakopee, MN 55379",Eden Prairie,+1612-387-2575,,,https://www.google.com/maps/search/?api=1&query=I&S+Contracting+LLC.+Eden Prairie+MN,3.4,5,,,Bathroom remodeler,,,,5 reviews,,,ChIJJ_HxHgoa9ocRLLf7dxc8MGw
Home Sweet Home Design-Built,Bath Remodeler,"Eden Prairie, MN 55347",Eden Prairie,+1952-937-1979,,,https://www.google.com/maps/search/?api=1&query=Home+Sweet+Home+Design-Built+Eden Prairie+MN,5,1,,,General contractor,,,,1 reviews,,,ChIJ_____w8i9ocR0W29Gn5PzFE
Surface Renew,Bath Remodeler,"5936 Pillsbury Ave, Minneapolis, MN 55419",Eden Prairie,+1952-260-7764,info@surfacerenew.netPRIVACY,https://surfacerenew.net/?utm_campaign=gmb,https://www.google.com/maps/search/?api=1&query=Surface+Renew+Eden Prairie+MN,4.8,272,,,Bathroom remodeler,,https://www.instagram.com/surfacerenew/?utm_source=ig_embed&utm_campaign=loading,,272 reviews,hiring,,ChIJ5RdNK6oo9ocR0oTff_Kk8A8
Maison Kitchen + Bath,Bath Remodeler,"7128 Gleason Rd, edina, Minneapolis, MN 55439",Eden Prairie,+1952-457-8580,,http://maisonshowroom.com/,https://www.google.com/maps/search/?api=1&query=Maison+Kitchen+++Bath+Eden Prairie+MN,5,2,,,Kitchen remodeler,,,,2 reviews,,,ChIJfeApTT0i9ocRuMCm2dz1oq4
Hanson Design Build Remodel,Bath Remodeler,"4210 E 34th St, Minneapolis, MN 55406",Eden Prairie,+1612-655-4961,,http://www.hansonremodeling.com/,https://www.google.com/maps/search/?api=1&query=Hanson+Design+Build+Remodel+Eden Prairie+MN,4.7,31,,,Bathroom remodeler,,,,31 reviews,,,ChIJVfCegdEys1IRev_8Wirj05o
Lakes Area Home Improvement,Bath Remodeler,"7101 Tecumseh Ln, Chanhassen, MN 55317",Eden Prairie,+1612-328-6688,,https://lakesareahis.com/,https://www.google.com/maps/search/?api=1&query=Lakes+Area+Home+Improvement+Eden Prairie+MN,3.8,10,,,Bathroom remodeler,,,,10 reviews,,,ChIJ-WTsPp0b9ocRsp6troZDKEE
Serk Homes and Remodeling LLC,Bath Remodeler,,Eden Prairie,+1612-501-3810,info@serkhomes.com,https://serkhomes.com/,https://www.google.com/maps/search/?api=1&query=Serk+Homes+and+Remodeling+LLC+Eden Prairie+MN,,,,,Bathroom remodeler,,,,,,,ChIJ1Zu-1qbhIGgRCE4lwESfoQs
Safe Step Walk-In Tub Co. of Minnesota,Bath Remodeler,"7300 Washington Ave S, Eden Prairie, MN 55344",Eden Prairie,+1800-346-6616,,https://www.safesteptub.com/,https://www.google.com/maps/search/?api=1&query=Safe+Step+Walk-In+Tub+Co.+of+Minnesota+Eden Prairie+MN,2.3,27,,,Bathroom remodeler,https://www.facebook.com/SafeStepTubsandShowers/,https://www.instagram.com/safesteptubsandshowers/,,27 reviews,hiring,,ChIJpUVl8-469ocRHrI9nqgzxCI
KD Construction & Remodel LLC,Bath Remodeler,,Eden Prairie,+1612-462-2250,,https://handymanminneapolis.com/,https://www.google.com/maps/search/?api=1&query=KD+Construction+&+Remodel+LLC+Eden Prairie+MN,4.9,145,,,Bathroom remodeler,,,,145 reviews,,,ChIJSfsYH9Qx9ocRTALRdn8QeCY
River Valley Remodelers,Bath Remodeler,"5239 Edina Industrial Blvd, Minneapolis, MN 55439",Eden Prairie,+1507-208-4118,,https://rivervalleyremodelers.com/,https://www.google.com/maps/search/?api=1&query=River+Valley+Remodelers+Eden Prairie+MN,4.6,31,,,Remodeler,https://www.facebook.com/Rivervalleyhomeremodeling,https://www.instagram.com/rivervalleyremodelers/,,31 reviews,hiring,,ChIJ4_ad9pQj9ocRf5leh5DP3cw
"Roberts' Residential Remodeling, Inc.",Bath Remodeler,"12268 Nicollet Ave, Burnsville, MN 55337",Eden Prairie,+1952-224-3680,,http://www.robertsresidentialremodeling.com/,"https://www.google.com/maps/search/?api=1&query=Roberts'+Residential+Remodeling,+Inc.+Eden Prairie+MN",4.8,37,,,Remodeler,https://www.facebook.com/robertsresidentialremodeling1,https://www.instagram.com/robertsresidentialremodeling/,,37 reviews,,,ChIJlRW1i8A79ocRWs1spRTXKBI
"Hansen Hometech, Inc.",Bath Remodeler,"7920 Kerber Blvd, Chanhassen, MN 55317",Eden Prairie,+1952-934-0854,,http://www.hansenhometech.com/,"https://www.google.com/maps/search/?api=1&query=Hansen+Hometech,+Inc.+Eden Prairie+MN",4.8,20,,,General contractor,https://www.facebook.com/people/Hansen-Hometech/61566390092157/,https://www.instagram.com/hansenhometech/,,20 reviews,,,ChIJ1R8mVZ0b9ocRXsclz_rldNo
Serda Remodeling,Bath Remodeler,"5505 123rd St W Suite 126A, Savage, MN 55378",Eden Prairie,+1952-261-8208,,http://serdaremodeling.com/,https://www.google.com/maps/search/?api=1&query=Serda+Remodeling+Eden Prairie+MN,5,28,,,General contractor,https://www.facebook.com/SerdaRemodel/,https://www.instagram.com/serdaremodeling/,,28 reviews,,,ChIJrcmoCk089ocRj9nLokG3BDA
Sylvestre Remodeling & Design,Bath Remodeler,"7708 5th Ave S, Minneapolis, MN 55423",Eden Prairie,+1612-861-0188,info@sylvestreconstruction.com,https://sylvestrehomeremodeling.com/,https://www.google.com/maps/search/?api=1&query=Sylvestre+Remodeling+&+Design+Eden Prairie+MN,5,16,,,Bathroom remodeler,https://www.facebook.com/sylvestre.remodeling/,,https://www.linkedin.com/company/sylvestre-construction/,16 reviews,,,ChIJi3OnyOol9ocR3TNC6NEPdEg
Joerin Construction,Bath Remodeler,"970 Forest Arms Ln, Mound, MN 55364",Eden Prairie,+1763-300-4692,joe@joerinconstruction.comAddress,https://www.joerinconstruction.com/,https://www.google.com/maps/search/?api=1&query=Joerin+Construction+Eden Prairie+MN,5,11,5,,Bathroom remodeler,,,,11 reviews,hiring,,ChIJY3JF94tTs1IR-A1aWiw2RSQ
BSWAN Home Remodeling,Bath Remodeler,"12004 Riverwood Dr, Burnsville, MN 55337",Eden Prairie,+1612-808-5575,,https://www.blackswanmn.com/,https://www.google.com/maps/search/?api=1&query=BSWAN+Home+Remodeling+Eden Prairie+MN,4.9,56,,,Flooring store,https://www.facebook.com/BSWAN-HOME-103370045815939,,https://www.linkedin.com/company/black-swan-mn/,56 reviews,,,ChIJm0O4IY079ocRXbg6tD6hJT0
Butkov,Bath Remodeler,,Eden Prairie,+1612-516-0263,info@butkovconstruction.comCall,https://butkovconstruction.com/,https://www.google.com/maps/search/?api=1&query=Butkov+Eden Prairie+MN,5,36,,,Bathroom remodeler,,,,36 reviews,hiring,,ChIJc2G4c3zti44RdU_Fsw6yY24
Lecy Bros. Homes & Remodeling,Bath Remodeler,"15012 MN-7, Minnetonka, MN 55345",Eden Prairie,+1952-944-9499,,http://lecybros.com/,https://www.google.com/maps/search/?api=1&query=Lecy+Bros.+Homes+&+Remodeling+Eden Prairie+MN,4.6,30,,,Home builder,https://www.facebook.com/LecyBrosHomes/,https://www.instagram.com/lecybroshomesandremodeling/,,30 reviews,,,ChIJE3zMeUUe9ocRrwJoUBJSMHw
Roelofs Remodeling & Renovation,Bath Remodeler,"4917 Beacon Hill Rd, Minnetonka, MN 55345",Eden Prairie,+1952-512-0110,andy@roelofsremodeling.com,https://roelofsremodeling.com/,https://www.google.com/maps/search/?api=1&query=Roelofs+Remodeling+&+Renovation+Eden Prairie+MN,5,4,,,Contractor,httpss://www.facebook.com/RoelofsRemodeling,,,4 reviews,,,ChIJ00KC_AIf9ocRXR7kZtLnO-A
"Titus Contracting, Inc",Bath Remodeler,"12154 Nicollet Ave, Burnsville, MN 55337",Eden Prairie,+1952-746-7817,,https://www.tituscontracting.com/,"https://www.google.com/maps/search/?api=1&query=Titus+Contracting,+Inc+Eden Prairie+MN",4.8,52,,,Bathroom remodeler,,,,52 reviews,,,ChIJZQKC-Bs99ocRHXJT4yA-mX0
Ispiri - Design & Remodel,Bath Remodeler,"5009 France Ave S, Edina, MN 55410",Eden Prairie,+1952-999-7720,,https://ispiri.com/areas/edina/?utm_source=google&utm_medium=organic&utm_campaign=gbp,https://www.google.com/maps/search/?api=1&query=Ispiri+-+Design+&+Remodel+Eden Prairie+MN,4.6,10,,,Bathroom remodeler,,,,10 reviews,,,ChIJHdBqD-kn9ocR7ykch2QaP3c
Master's Touch Painting,Painter,,Minneapolis,+1612-232-6292,,https://masterstouchpaintingmn.com/,https://www.google.com/maps/search/?api=1&query=Master's+Touch+Painting+Minneapolis+MN,5,5,,,Painter,,,,5 reviews,hiring,,ChIJGc5Pc5sys1IRndoEDaxbi4Y
Executive Painting & Pressure Washing,Painter,,Minneapolis,+1952-594-4353,zilla336699@gmail.com,https://executivepaintpressurewash.com/,https://www.google.com/maps/search/?api=1&query=Executive+Painting+&+Pressure+Washing+Minneapolis+MN,5,98,,,Painter,,,,98 reviews,,,ChIJ4SVeFgUzs1IR9shTdooDRNQ
DuraPro Painting,Painter,"740 Portland Ave, Minneapolis, MN 55415",Minneapolis,+1612-701-6552,andrew@durapropainting.com,https://www.durapropainting.com/about-us/,https://www.google.com/maps/search/?api=1&query=DuraPro+Painting+Minneapolis+MN,1,1,,,Painter,https://www.facebook.com/DuraProPainting/,https://www.instagram.com/durapropaint/,,1 reviews,,,ChIJq-9rT58ys1IRgv6pOdroCEc
Painting the Great Lakes,Painter,,Minneapolis,+1612-859-0073,,,https://www.google.com/maps/search/?api=1&query=Painting+the+Great+Lakes+Minneapolis+MN,,,,,Painter,,,,,,,ChIJw8koQWunEYMR-kGvyW4izKI
Daly Paint LLC,Painter,"Minneapolis, MN 55404",Minneapolis,+1612-388-4549,,,https://www.google.com/maps/search/?api=1&query=Daly+Paint+LLC+Minneapolis+MN,5,4,,,Painter,,,,4 reviews,,,ChIJAQAAAKkys1IRHrxNCtH6cno
"Brushed Monkey, Inc.",Painter,"2419 E 38th St, Minneapolis, MN 55406",Minneapolis,+1612-803-1356,,https://brushedmonkey.com/,"https://www.google.com/maps/search/?api=1&query=Brushed+Monkey,+Inc.+Minneapolis+MN",4.6,45,,,Painter,,,,45 reviews,,,ChIJC5mQWkAo9ocRaW4a6YncoL0
Corr Painting And Restoration,Painter,,Minneapolis,+1612-387-5878,filler@godaddy.comBookingsMy,http://www.corrpaintingandrestoration.com/,https://www.google.com/maps/search/?api=1&query=Corr+Painting+And+Restoration+Minneapolis+MN,5,44,,,Painter,,,,44 reviews,,,ChIJHV6fZ8Izs1IRSvqMemrHoD4
Classic Concepts Painting and Renovations,Painter,"2400 N 2nd St UNIT 202, Minneapolis, MN 55411",Minneapolis,+1651-354-6617,cc.classicconcepts@gmail.com,https://classicconceptspainting.com/,https://www.google.com/maps/search/?api=1&query=Classic+Concepts+Painting+and+Renovations+Minneapolis+MN,5,6,,,Painter,https://www.facebook.com/cc.classicconceptspainting,https://www.instagram.com/_classicconceptspainting/,,6 reviews,,,ChIJX4EkUFMzs1IRJXegyMBS4uI
Lume Painting,Painter,"Minneapolis, MN 55404",Minneapolis,+1612-408-6789,,http://lumepainting.com/,https://www.google.com/maps/search/?api=1&query=Lume+Painting+Minneapolis+MN,5,2,,,Painter,https://www.facebook.com/lumepainting/,http://www.instagram.com,,2 reviews,,,ChIJAQAAAKkys1IRCMrUJ7M8QWU
GPP General Pro Painters,Painter,"2223 Central Ave NE, Minneapolis, MN 55418",Minneapolis,+1612-807-0452,,https://www.bbb.org/us/mn/minneapolis/profile/painting-contractors/gpp-general-pro-painters-inc-0704-1000048348/customer-reviews,https://www.google.com/maps/search/?api=1&query=GPP+General+Pro+Painters+Minneapolis+MN,5,5,,,Painting,,,,5 reviews,,,ChIJWYnmUD4ts1IRTZ9RB9bBdW0
Rowland Paint LLC,Painter,"3556 Snelling Ave, Minneapolis, MN 55406",Minneapolis,+1952-567-3900,QuestionsContactInfo@rowlandPAint.com,https://www.rowlandpaint.com/,https://www.google.com/maps/search/?api=1&query=Rowland+Paint+LLC+Minneapolis+MN,5,15,,,Painter,,https://www.instagram.com/rowlandpaint,,15 reviews,,,ChIJ41gofVEzs1IR4l0lfwh3Ln8
Julius B Nelson & Son Inc,Painter,"962 Central Ave NE, Minneapolis, MN 55413",Minneapolis,+1612-379-3347,,https://www.jbnelson.com/,https://www.google.com/maps/search/?api=1&query=Julius+B+Nelson+&+Son+Inc+Minneapolis+MN,5,2,,,Painter,https://web.facebook.com/Julius-B-Nelson-Sons-Inc-101773565325990/?_rdc=1&_rdr,,,2 reviews,,,ChIJnROSIpwts1IRBle6Soly7uY
Perry the Painter,Painter,"2541 15th Ave S, Minneapolis, MN 55404",Minneapolis,+1612-870-1752,,http://www.perrythepainter.com/,https://www.google.com/maps/search/?api=1&query=Perry+the+Painter+Minneapolis+MN,5,1,,,Painter,,,,1 reviews,,,ChIJx7S8flMts1IRcNUA0HF0O6I
Custom One Painting,Painter,"2543 Marshall St NE, Minneapolis, MN 55418",Minneapolis,+1612-787-1040,,http://www.customonepainting.com/,https://www.google.com/maps/search/?api=1&query=Custom+One+Painting+Minneapolis+MN,4,21,,,Painter,,,,21 reviews,,,ChIJDSjamQ4ys1IRXuZ0vgS-OXg
CertaPro Painters of Twin Cities East,Painter,"2568 Rice St, St Paul, MN 55113",Minneapolis,+1612-803-2248,,https://certapro.com/twincitieseast/?utm_source=google&utm_medium=organic&utm_campaign=gmb,https://www.google.com/maps/search/?api=1&query=CertaPro+Painters+of+Twin+Cities+East+Minneapolis+MN,4.7,356,,,Painter,https://facebook.com/CertaProPaintersofTwinCitiesEast/,,,356 reviews,hiring,,ChIJ0YmMNCQos1IRfSBbBYcjR2g
360 Painting of Edina,Painter,,Minneapolis,+1612-474-2453,,https://www.360painting.com/edina/?utm_source=GMBlisting&utm_medium=organic,https://www.google.com/maps/search/?api=1&query=360+Painting+of+Edina+Minneapolis+MN,4.9,46,,,Painter,https://www.facebook.com/edinapaint/,https://www.instagram.com/360painting/,https://www.linkedin.com/company/360-painting/,46 reviews,hiring,,ChIJQZPmc4Qm9ocR4REEovsvdmM
Pro Line Painting,Painter,"3100 N Pacific St # 206, Minneapolis, MN 55411",Minneapolis,+1612-522-0662,,,https://www.google.com/maps/search/?api=1&query=Pro+Line+Painting+Minneapolis+MN,4,4,,,Painter,,,,4 reviews,,,ChIJzU32EhIys1IR9Ion67q8cSg
NW Twin Cities Handyman,Painter,,Minneapolis,+1612-482-2680,,https://handymanservicesanoka.com/,https://www.google.com/maps/search/?api=1&query=NW+Twin+Cities+Handyman+Minneapolis+MN,4.8,24,,,Painter,,,,24 reviews,,,ChIJT6gO_5G7jycRsnEzhRUxSLs
SY Painting | Venetian Plaster Artist,Painter,,Minneapolis,+1612-363-2940,contact@sypainting.comsend,https://www.sypainting.com/,https://www.google.com/maps/search/?api=1&query=SY+Painting+|+Venetian+Plaster+Artist+Minneapolis+MN,5,5,,,Painter,,https://www.instagram.com/sypainting.minnesota/,,5 reviews,,,ChIJ_UH7Q8N_dgURLpRXBtb2KYE
Advanced Painting Services LLC,Painter,"822 Cannon Ave, Shoreview, MN 55126",Minneapolis,+1763-290-2786,,https://www.advancedpaintingmn.com/,https://www.google.com/maps/search/?api=1&query=Advanced+Painting+Services+LLC+Minneapolis+MN,4.8,59,,,Painter,,,,59 reviews,,,ChIJlUvzEsPXslIRyFZw6a2tDxg
Ben's Custom Painting,Painter,"3036 Fremont Ave S, Minneapolis, MN 55408",Minneapolis,,,,https://www.google.com/maps/search/?api=1&query=Ben's+Custom+Painting+Minneapolis+MN,4.4,13,,,Painter,,,,13 reviews,,,ChIJKZ7GcvIn9ocRYMSzgRlXVYE
The Best Painter AGJ,Painter,"3425 Cedar Ave S, Minneapolis, MN 55407",Minneapolis,+1612-396-8002,,https://thebestpainteragjllc.com/,https://www.google.com/maps/search/?api=1&query=The+Best+Painter+AGJ+Minneapolis+MN,5,14,,,Painting,,,,14 reviews,,,ChIJseSJUbUp9ocREFpkbWBEdSU
Octane Painters,Painter,"1400 S 2nd St apt a603, Minneapolis, MN 55454",Minneapolis,+1850-723-8677,,http://www.octanepainters.com/,https://www.google.com/maps/search/?api=1&query=Octane+Painters+Minneapolis+MN,5,2,,,Painting,,,,2 reviews,,,ChIJWbBb5wJFAQYRi5-Wjq1Xjdo
CR Painting Pro and Services LLC,Painter,"2934 Dupont Ave N, Minneapolis, MN 55411",Minneapolis,+1954-554-1743,,https://crpaintingproandservices.com/,https://www.google.com/maps/search/?api=1&query=CR+Painting+Pro+and+Services+LLC+Minneapolis+MN,5,4,,,Construction company,,,,4 reviews,,,ChIJR2Q5IOHlP6MR9YXpeipgFqU
Sammi's Interior Design & Paint,Painter,"35th Street, Snelling Ave, Minneapolis, MN 55406",Minneapolis,+1715-657-0311,,,https://www.google.com/maps/search/?api=1&query=Sammi's+Interior+Design+&+Paint+Minneapolis+MN,5,10,,,Painter,,,,10 reviews,,,ChIJT1Pkz88p9ocRFe2wj-f7PKo
Allens Perfect Painting LLC,Painter,"2406 Fillmore St NE #2, Minneapolis, MN 55418",Minneapolis,+1612-388-2884,allensperfectpainting@gmail.com,http://allensperfectpainting.com/,https://www.google.com/maps/search/?api=1&query=Allens+Perfect+Painting+LLC+Minneapolis+MN,5,9,,,Painter,,,,9 reviews,,,ChIJrQWT4IQts1IR7_ptPJoih-s
Mission Garage Door Repair Handyman & Painting,Painter,"1324 5th St SE, Minneapolis, MN 55414",Minneapolis,+1763-710-6027,,http://mission-painting.jany.io/,https://www.google.com/maps/search/?api=1&query=Mission+Garage+Door+Repair+Handyman+&+Painting+Minneapolis+MN,5,11,,,Contractor,,,,11 reviews,,,ChIJ6So3js8l9ocRZW5fFX2k43Q
McCabe Painting,Painter,"4152 21st Ave S, Minneapolis, MN 55407",Minneapolis,+1612-246-3390,,http://minneapolispainter.net/,https://www.google.com/maps/search/?api=1&query=McCabe+Painting+Minneapolis+MN,4.4,14,34,,Painter,https://www.facebook.com/darrenrmccabe/,,,14 reviews,,,ChIJ7x8quGgo9ocRLAB6ZXXjZU8
Prime Hues Painting LLC,Painter,"925 Payne Ave suite B2, St Paul, MN 55130",Minneapolis,+1651-212-5392,info@primehues.com,https://www.primehues.com/,https://www.google.com/maps/search/?api=1&query=Prime+Hues+Painting+LLC+Minneapolis+MN,5,26,,,Painting,https://facebook.com/PrimeHuesPaintingLLC/,https://instagram.com/primehuespainting/,,26 reviews,,,ChIJV--cJJN9KooR8zxnhR9dyKg
Northrup Remodeling,Bath Remodeler,,Minneapolis,,,,https://www.google.com/maps/search/?api=1&query=Northrup+Remodeling+Minneapolis+MN,5,12,,,,,,,12 reviews,,,Northrup Remodeling
Four Seasons Handymen,Bath Remodeler,"365 Nicollet Mall Ste 2009, Minneapolis, MN 55401",Minneapolis,+1612-991-9667,,,https://www.google.com/maps/search/?api=1&query=Four+Seasons+Handymen+Minneapolis+MN,5,1,,,Bathroom remodeler,,,,1 reviews,,,ChIJF4F54Zht3EsRtrjItUXVCsk
Laghmich,Bath Remodeler,"36s S 9th St APT 1105, Minneapolis, MN 55402",Minneapolis,+1612-234-5007,,http://laghmich.com/,https://www.google.com/maps/search/?api=1&query=Laghmich+Minneapolis+MN,5,19,,,Bathroom remodeler,,,,19 reviews,,,ChIJy3s6vfqe12gRRuQ2XL9DjK4
Twin Cities Building and Remodeling,Bath Remodeler,"275 Market St # 54, Minneapolis, MN 55405",Minneapolis,+1612-366-1515,,http://tcbrmn.com/,https://www.google.com/maps/search/?api=1&query=Twin+Cities+Building+and+Remodeling+Minneapolis+MN,4.8,28,,,Bathroom remodeler,,,,28 reviews,,,ChIJgzuP2Dczs1IRksOZzEAA8Mc
Red Fox Remodeling,Bath Remodeler,"1153 16th Ave SE Suite 102, Minneapolis, MN 55414",Minneapolis,+1612-208-2794,info@redfoxremodeling.com,http://www.redfoxremodeling.com/,https://www.google.com/maps/search/?api=1&query=Red+Fox+Remodeling+Minneapolis+MN,5,19,,,Remodeler,,,,19 reviews,,,ChIJ8THI6P5EVUARXxvAQb0rAKE
One Stop Kitchen Plus Bath,Bath Remodeler,"2205 E Hennepin Ave, Minneapolis, MN 55413",Minneapolis,+1763-349-3656,,https://www.onestopmn.com/,https://www.google.com/maps/search/?api=1&query=One+Stop+Kitchen+Plus+Bath+Minneapolis+MN,5,6,,,Kitchen remodeler,,https://www.instagram.com/onestopcabinetryandclosets,,6 reviews,,,ChIJFS7Rm_Uts1IR2UJXasFZ3Fw
K and H Painting and Remodeling,Bath Remodeler,"400 N 1st St Suite 501, Minneapolis, MN 55401",Minneapolis,+1651-332-9989,,,https://www.google.com/maps/search/?api=1&query=K+and+H+Painting+and+Remodeling+Minneapolis+MN,,,,,Bathroom remodeler,,,,,,,ChIJZe4zOYYys1IRLKnnrg4upaE
"Sletten Interior Solutions, LLC",Bath Remodeler,"749 Aurora Ave, St Paul, MN 55104",Minneapolis,+1651-206-1378,,https://www.sletteninteriorsolutions.com/,"https://www.google.com/maps/search/?api=1&query=Sletten+Interior+Solutions,+LLC+Minneapolis+MN",4.5,37,,,Bathroom remodeler,https://facebook.com/SlettenInteriorSolutions,https://instagram.com/sletten_interior_solutions/,,37 reviews,,,ChIJTVGRM4Iq9ocR_hGc2iE-xYw
RER Remodeling,Bath Remodeler,,Minneapolis,+1612-239-6308,,http://www.rerremodeling.com/,https://www.google.com/maps/search/?api=1&query=RER+Remodeling+Minneapolis+MN,5,12,,,Bathroom remodeler,https://facebook.com/RER-Remodeling-100094378163288,,,12 reviews,,,ChIJy2ltPhttyaYRHB04z2vkXD4
White Crane Design:Build,Bath Remodeler,"1936 Lyndale Ave S Suite 150, Minneapolis, MN 55403",Minneapolis,+1612-827-3800,hello@whitecraneconstruction.com,http://www.whitecraneconstruction.com/,https://www.google.com/maps/search/?api=1&query=White+Crane+Design:Build+Minneapolis+MN,4.5,10,23,,Remodeler,https://www.facebook.com/whitecraneconstruction/,https://www.instagram.com/whitecraneremodeling/,,10 reviews,,,ChIJcRogNfEo9ocRdN5pXbmMwbw
Bathtubs Minneapolis,Bath Remodeler,"211 N 1st St, Minneapolis, MN 55401",Minneapolis,+1612-332-9094,,,https://www.google.com/maps/search/?api=1&query=Bathtubs+Minneapolis+Minneapolis+MN,,,,,Bathroom remodeler,,,,,,,ChIJLzFmLIQys1IRKBbdjat4kYk
Rehabbers Choice,Bath Remodeler,"3208 Edgemere Ave, Minneapolis, MN 55418",Minneapolis,+1763-350-7550,pagerehabberschoice@live.com,http://rehabberschoice.com/,https://www.google.com/maps/search/?api=1&query=Rehabbers+Choice+Minneapolis+MN,5,3,,,Bathroom remodeler,https://www.facebook.com/rehabberschoicellc,,,3 reviews,,wix,ChIJpX_CcJsus1IRfsJnulYCi14
"St. Croix Kitchen & Bath, Inc.",Bath Remodeler,"855 Village Center Dr # 356, North Oaks, MN 55127",Minneapolis,+1888-544-2284,,https://www.stcroixmn.com/,"https://www.google.com/maps/search/?api=1&query=St.+Croix+Kitchen+&+Bath,+Inc.+Minneapolis+MN",4.3,33,,,Bathroom remodeler,https://www.facebook.com/stcroixmn/,https://www.instagram.com/st.croix.mn/,,33 reviews,,,ChIJJ8DUYyop9ocR3doaiVDqQzI
North Star Remodeling,Bath Remodeler,"619 Selby Ave, St Paul, MN 55102",Minneapolis,+1651-227-7061,,https://www.nsremodel.com/?utm_source=google&utm_medium=organic&utm_campaign=gmb,https://www.google.com/maps/search/?api=1&query=North+Star+Remodeling+Minneapolis+MN,4.6,5,,,Bathroom remodeler,https://www.facebook.com/nsremodel/,,,5 reviews,,,ChIJAQAAAKkys1IRXebPmbrDIpo
Five Star Bath Solutions of St. Paul,Bath Remodeler,,Minneapolis,+1651-362-2201,,https://fivestarbathsolutions.com/st-paul-mn/,https://www.google.com/maps/search/?api=1&query=Five+Star+Bath+Solutions+of+St.+Paul+Minneapolis+MN,4.8,159,29,,Bathroom remodeler,https://www.facebook.com/Five-Star-Bath-Solutions-of-St-Paul-109243960428973,,,159 reviews,,,ChIJV_NRHWrXslIRUM2vAu4Dkk4
Star Bath Systems,Bath Remodeler,"2563 7th Ave E Suite B, North St Paul, MN 55109",Minneapolis,+1612-213-2910,info@starbathsystems.com,https://starbathsystems.com/,https://www.google.com/maps/search/?api=1&query=Star+Bath+Systems+Minneapolis+MN,4.9,22,,,Bathroom remodeler,,,,22 reviews,,,ChIJfdlcrN7ttiMRRSUNORTVZzM
Bath Tune-Up Minneapolis Central & Maple Grove,Bath Remodeler,,Minneapolis,+1952-256-6685,cstumpf@bathtune-up.com,https://www.bathtune-up.com/minneapolis-central-maple-grove,https://www.google.com/maps/search/?api=1&query=Bath+Tune-Up+Minneapolis+Central+&+Maple+Grove+Minneapolis+MN,5,8,,,Bathroom remodeler,https://www.facebook.com/BTUMinneapolisCentral/,https://www.instagram.com/btuminneapolis.maplegrove/,https://www.linkedin.com/company/bath-tune-up/,8 reviews,,,ChIJA05ARkH63wkRnKEPiYMOthA
Baths R Us,Bath Remodeler,"1934 County Rd C West, Roseville, MN 55113",Minneapolis,+1651-615-9722,,https://www.bathsrus.com/,https://www.google.com/maps/search/?api=1&query=Baths+R+Us+Minneapolis+MN,4.1,8,,,Bathroom remodeler,,,,8 reviews,,,ChIJs64BiYIrs1IRhdjqQWGBzBs
